<?xml version="1.0" encoding="UTF-8"?>
<!DOCTYPE rollcall-vote PUBLIC "-//US Congress//DTDs/vote v1.0 20031119 //EN" "http://clerk.house.gov/evs/vote.dtd">
<?xml-stylesheet type="text/xsl" href="http://clerk.house.gov/evs/vote.xsl"?>
<rollcall-vote>
<vote-metadata>
<majority>R</majority>
<congress>112</congress>
<session>1st</session>
<committee>U.S. House of Representatives</committee>
<rollcall-num>124</rollcall-num>
<legis-num>H R 1</legis-num>
<vote-question>On Agreeing to the Amendment</vote-question>
<amendment-num>134</amendment-num>
<amendment-author>Stearns of Florida Amendment No. 8</amendment-author>
<vote-type>RECORDED VOTE</vote-type>
<vote-result>Agreed to</vote-result>
<action-date>18-Feb-2011</action-date>
<action-time time-etz="21:59">9:59 PM</action-time>
<vote-desc></vote-desc>
<vote-totals>
<totals-by-party-header>
<party-header>Party</party-header>
<yea-header>Ayes</yea-header>
<nay-header>Noes</nay-header>
<present-header>Answered “Present”</present-header>
<not-voting-header>Not Voting</not-voting-header>
</totals-by-party-header>
<totals-by-party>
<party>Republican</party>
<yea-total>215</yea-total>
<nay-total>21</nay-total>
<present-total>0</present-total>
<not-voting-total>4</not-voting-total>
</totals-by-party>
<totals-by-party>
<party>Democratic</party>
<yea-total>16</yea-total>
<nay-total>170</nay-total>
<present-total>0</present-total>
<not-voting-total>7</not-voting-total>
</totals-by-party>
<totals-by-party>
<party>Independent</party>
<yea-total>0</yea-total>
<nay-total>0</nay-total>
<present-total>0</present-total>
<not-voting-total>0</not-voting-total>
</totals-by-party>
<totals-by-vote>
<total-stub>Totals</total-stub>
<yea-total>231</yea-total>
<nay-total>191</nay-total>
<present-total>0</present-total>
<not-voting-total>11</not-voting-total>
</totals-by-vote>
</vote-totals>
</vote-metadata>
<vote-data>
<recorded-vote><legislator name-id="A000022" sort-field="Ackerman" unaccented-name="Ackerman" party="D" state="NY" role="legislator">Ackerman</legislator><vote>No</vote></recorded-vote>
<recorded-vote><legislator name-id="A000366" sort-field="Adams" unaccented-name="Adams" party="R" state="FL" role="legislator">Adams</legislator><vote>Aye</vote></recorded-vote>
<recorded-vote><legislator name-id="A000055" sort-field="Aderholt" unaccented-name="Aderholt" party="R" state="AL" role="legislator">Aderholt</legislator><vote>Aye</vote></recorded-vote>
<recorded-vote><legislator name-id="A000358" sort-field="Akin" unaccented-name="Akin" party="R" state="MO" role="legislator">Akin</legislator><vote>Aye</vote></recorded-vote>
<recorded-vote><legislator name-id="A000361" sort-field="Alexander" unaccented-name="Alexander" party="R" state="LA" role="legislator">Alexander</legislator><vote>Aye</vote></recorded-vote>
<recorded-vote><legislator name-id="A000362" sort-field="Altmire" unaccented-name="Altmire" party="D" state="PA" role="legislator">Altmire</legislator><vote>Aye</vote></recorded-vote>
<recorded-vote><legislator name-id="A000367" sort-field="Amash" unaccented-name="Amash" party="R" state="MI" role="legislator">Amash</legislator><vote>No</vote></recorded-vote>
<recorded-vote><legislator name-id="A000210" sort-field="Andrews" unaccented-name="Andrews" party="D" state="NJ" role="legislator">Andrews</legislator><vote>No</vote></recorded-vote>
<recorded-vote><legislator name-id="A000365" sort-field="Austria" unaccented-name="Austria" party="R" state="OH" role="legislator">Austria</legislator><vote>Aye</vote></recorded-vote>
<recorded-vote><legislator name-id="B001234" sort-field="Baca" unaccented-name="Baca" party="D" state="CA" role="legislator">Baca</legislator><vote>No</vote></recorded-vote>
<recorded-vote><legislator name-id="B001256" sort-field="Bachmann" unaccented-name="Bachmann" party="R" state="MN" role="legislator">Bachmann</legislator><vote>Aye</vote></recorded-vote>
<recorded-vote><legislator name-id="B000013" sort-field="Bachus" unaccented-name="Bachus" party="R" state="AL" role="legislator">Bachus</legislator><vote>Aye</vote></recorded-vote>
<recorded-vote><legislator name-id="B001230" sort-field="Baldwin" unaccented-name="Baldwin" party="D" state="WI" role="legislator">Baldwin</legislator><vote>No</vote></recorded-vote>
<recorded-vote><legislator name-id="B001269" sort-field="Barletta" unaccented-name="Barletta" party="R" state="PA" role="legislator">Barletta</legislator><vote>Aye</vote></recorded-vote>
<recorded-vote><legislator name-id="B001252" sort-field="Barrow" unaccented-name="Barrow" party="D" state="GA" role="legislator">Barrow</legislator><vote>No</vote></recorded-vote>
<recorded-vote><legislator name-id="B000208" sort-field="Bartlett" unaccented-name="Bartlett" party="R" state="MD" role="legislator">Bartlett</legislator><vote>Aye</vote></recorded-vote>
<recorded-vote><legislator name-id="B000213" sort-field="Barton (TX)" unaccented-name="Barton (TX)" party="R" state="TX" role="legislator">Barton (TX)</legislator><vote>Aye</vote></recorded-vote>
<recorded-vote><legislator name-id="B001270" sort-field="Bass (CA)" unaccented-name="Bass (CA)" party="D" state="CA" role="legislator">Bass (CA)</legislator><vote>No</vote></recorded-vote>
<recorded-vote><legislator name-id="B000220" sort-field="Bass (NH)" unaccented-name="Bass (NH)" party="R" state="NH" role="legislator">Bass (NH)</legislator><vote>No</vote></recorded-vote>
<recorded-vote><legislator name-id="B000287" sort-field="Becerra" unaccented-name="Becerra" party="D" state="CA" role="legislator">Becerra</legislator><vote>No</vote></recorded-vote>
<recorded-vote><legislator name-id="B001271" sort-field="Benishek" unaccented-name="Benishek" party="R" state="MI" role="legislator">Benishek</legislator><vote>Aye</vote></recorded-vote>
<recorded-vote><legislator name-id="B001272" sort-field="Berg" unaccented-name="Berg" party="R" state="ND" role="legislator">Berg</legislator><vote>Aye</vote></recorded-vote>
<recorded-vote><legislator name-id="B001231" sort-field="Berkley" unaccented-name="Berkley" party="D" state="NV" role="legislator">Berkley</legislator><vote>Aye</vote></recorded-vote>
<recorded-vote><legislator name-id="B000410" sort-field="Berman" unaccented-name="Berman" party="D" state="CA" role="legislator">Berman</legislator><vote>No</vote></recorded-vote>
<recorded-vote><legislator name-id="B001232" sort-field="Biggert" unaccented-name="Biggert" party="R" state="IL" role="legislator">Biggert</legislator><vote>Aye</vote></recorded-vote>
<recorded-vote><legislator name-id="B000461" sort-field="Bilbray" unaccented-name="Bilbray" party="R" state="CA" role="legislator">Bilbray</legislator><vote>Aye</vote></recorded-vote>
<recorded-vote><legislator name-id="B001257" sort-field="Bilirakis" unaccented-name="Bilirakis" party="R" state="FL" role="legislator">Bilirakis</legislator><vote>Aye</vote></recorded-vote>
<recorded-vote><legislator name-id="B000490" sort-field="Bishop (GA)" unaccented-name="Bishop (GA)" party="D" state="GA" role="legislator">Bishop (GA)</legislator><vote>No</vote></recorded-vote>
<recorded-vote><legislator name-id="B001242" sort-field="Bishop (NY)" unaccented-name="Bishop (NY)" party="D" state="NY" role="legislator">Bishop (NY)</legislator><vote>No</vote></recorded-vote>
<recorded-vote><legislator name-id="B001250" sort-field="Bishop (UT)" unaccented-name="Bishop (UT)" party="R" state="UT" role="legislator">Bishop (UT)</legislator><vote>Aye</vote></recorded-vote>
<recorded-vote><legislator name-id="B001273" sort-field="Black" unaccented-name="Black" party="R" state="TN" role="legislator">Black</legislator><vote>Aye</vote></recorded-vote>
<recorded-vote><legislator name-id="B001243" sort-field="Blackburn" unaccented-name="Blackburn" party="R" state="TN" role="legislator">Blackburn</legislator><vote>Aye</vote></recorded-vote>
<recorded-vote><legislator name-id="B000574" sort-field="Blumenauer" unaccented-name="Blumenauer" party="D" state="OR" role="legislator">Blumenauer</legislator><vote>No</vote></recorded-vote>
<recorded-vote><legislator name-id="B001244" sort-field="Bonner" unaccented-name="Bonner" party="R" state="AL" role="legislator">Bonner</legislator><vote>Aye</vote></recorded-vote>
<recorded-vote><legislator name-id="B001228" sort-field="Bono Mack" unaccented-name="Bono Mack" party="R" state="CA" role="legislator">Bono Mack</legislator><vote>Aye</vote></recorded-vote>
<recorded-vote><legislator name-id="B001254" sort-field="Boren" unaccented-name="Boren" party="D" state="OK" role="legislator">Boren</legislator><vote>Aye</vote></recorded-vote>
<recorded-vote><legislator name-id="B000652" sort-field="Boswell" unaccented-name="Boswell" party="D" state="IA" role="legislator">Boswell</legislator><vote>No</vote></recorded-vote>
<recorded-vote><legislator name-id="B001255" sort-field="Boustany" unaccented-name="Boustany" party="R" state="LA" role="legislator">Boustany</legislator><vote>Aye</vote></recorded-vote>
<recorded-vote><legislator name-id="B001227" sort-field="Brady (PA)" unaccented-name="Brady (PA)" party="D" state="PA" role="legislator">Brady (PA)</legislator><vote>No</vote></recorded-vote>
<recorded-vote><legislator name-id="B000755" sort-field="Brady (TX)" unaccented-name="Brady (TX)" party="R" state="TX" role="legislator">Brady (TX)</legislator><vote>Aye</vote></recorded-vote>
<recorded-vote><legislator name-id="B001259" sort-field="Braley (IA)" unaccented-name="Braley (IA)" party="D" state="IA" role="legislator">Braley (IA)</legislator><vote>No</vote></recorded-vote>
<recorded-vote><legislator name-id="B001274" sort-field="Brooks" unaccented-name="Brooks" party="R" state="AL" role="legislator">Brooks</legislator><vote>Aye</vote></recorded-vote>
<recorded-vote><legislator name-id="B001262" sort-field="Broun (GA)" unaccented-name="Broun (GA)" party="R" state="GA" role="legislator">Broun (GA)</legislator><vote>Aye</vote></recorded-vote>
<recorded-vote><legislator name-id="B000911" sort-field="Brown (FL)" unaccented-name="Brown (FL)" party="D" state="FL" role="legislator">Brown (FL)</legislator><vote>No</vote></recorded-vote>
<recorded-vote><legislator name-id="B001260" sort-field="Buchanan" unaccented-name="Buchanan" party="R" state="FL" role="legislator">Buchanan</legislator><vote>Aye</vote></recorded-vote>
<recorded-vote><legislator name-id="B001275" sort-field="Bucshon" unaccented-name="Bucshon" party="R" state="IN" role="legislator">Bucshon</legislator><vote>Aye</vote></recorded-vote>
<recorded-vote><legislator name-id="B001276" sort-field="Buerkle" unaccented-name="Buerkle" party="R" state="NY" role="legislator">Buerkle</legislator><vote>Aye</vote></recorded-vote>
<recorded-vote><legislator name-id="B001248" sort-field="Burgess" unaccented-name="Burgess" party="R" state="TX" role="legislator">Burgess</legislator><vote>Aye</vote></recorded-vote>
<recorded-vote><legislator name-id="B001149" sort-field="Burton (IN)" unaccented-name="Burton (IN)" party="R" state="IN" role="legislator">Burton (IN)</legislator><vote>Aye</vote></recorded-vote>
<recorded-vote><legislator name-id="B001251" sort-field="Butterfield" unaccented-name="Butterfield" party="D" state="NC" role="legislator">Butterfield</legislator><vote>No</vote></recorded-vote>
<recorded-vote><legislator name-id="C000059" sort-field="Calvert" unaccented-name="Calvert" party="R" state="CA" role="legislator">Calvert</legislator><vote>Aye</vote></recorded-vote>
<recorded-vote><legislator name-id="C000071" sort-field="Camp" unaccented-name="Camp" party="R" state="MI" role="legislator">Camp</legislator><vote>Aye</vote></recorded-vote>
<recorded-vote><legislator name-id="C001064" sort-field="Campbell" unaccented-name="Campbell" party="R" state="CA" role="legislator">Campbell</legislator><vote>Aye</vote></recorded-vote>
<recorded-vote><legislator name-id="C001082" sort-field="Canseco" unaccented-name="Canseco" party="R" state="TX" role="legislator">Canseco</legislator><vote>Aye</vote></recorded-vote>
<recorded-vote><legislator name-id="C001046" sort-field="Cantor" unaccented-name="Cantor" party="R" state="VA" role="legislator">Cantor</legislator><vote>Aye</vote></recorded-vote>
<recorded-vote><legislator name-id="C001047" sort-field="Capito" unaccented-name="Capito" party="R" state="WV" role="legislator">Capito</legislator><vote>Aye</vote></recorded-vote>
<recorded-vote><legislator name-id="C001036" sort-field="Capps" unaccented-name="Capps" party="D" state="CA" role="legislator">Capps</legislator><vote>No</vote></recorded-vote>
<recorded-vote><legislator name-id="C001037" sort-field="Capuano" unaccented-name="Capuano" party="D" state="MA" role="legislator">Capuano</legislator><vote>No</vote></recorded-vote>
<recorded-vote><legislator name-id="C001050" sort-field="Cardoza" unaccented-name="Cardoza" party="D" state="CA" role="legislator">Cardoza</legislator><vote>Aye</vote></recorded-vote>
<recorded-vote><legislator name-id="C001060" sort-field="Carnahan" unaccented-name="Carnahan" party="D" state="MO" role="legislator">Carnahan</legislator><vote>No</vote></recorded-vote>
<recorded-vote><legislator name-id="C001083" sort-field="Carney" unaccented-name="Carney" party="D" state="DE" role="legislator">Carney</legislator><vote>No</vote></recorded-vote>
<recorded-vote><legislator name-id="C001072" sort-field="Carson (IN)" unaccented-name="Carson (IN)" party="D" state="IN" role="legislator">Carson (IN)</legislator><vote>No</vote></recorded-vote>
<recorded-vote><legislator name-id="C001051" sort-field="Carter" unaccented-name="Carter" party="R" state="TX" role="legislator">Carter</legislator><vote>Aye</vote></recorded-vote>
<recorded-vote><legislator name-id="C001075" sort-field="Cassidy" unaccented-name="Cassidy" party="R" state="LA" role="legislator">Cassidy</legislator><vote>Aye</vote></recorded-vote>
<recorded-vote><legislator name-id="C001066" sort-field="Castor (FL)" unaccented-name="Castor (FL)" party="D" state="FL" role="legislator">Castor (FL)</legislator><vote>Not Voting</vote></recorded-vote>
<recorded-vote><legislator name-id="C000266" sort-field="Chabot" unaccented-name="Chabot" party="R" state="OH" role="legislator">Chabot</legislator><vote>Aye</vote></recorded-vote>
<recorded-vote><legislator name-id="C001076" sort-field="Chaffetz" unaccented-name="Chaffetz" party="R" state="UT" role="legislator">Chaffetz</legislator><vote>Aye</vote></recorded-vote>
<recorded-vote><legislator name-id="C001058" sort-field="Chandler" unaccented-name="Chandler" party="D" state="KY" role="legislator">Chandler</legislator><vote>Aye</vote></recorded-vote>
<recorded-vote><legislator name-id="C001080" sort-field="Chu" unaccented-name="Chu" party="D" state="CA" role="legislator">Chu</legislator><vote>No</vote></recorded-vote>
<recorded-vote><legislator name-id="C001084" sort-field="Cicilline" unaccented-name="Cicilline" party="D" state="RI" role="legislator">Cicilline</legislator><vote>No</vote></recorded-vote>
<recorded-vote><legislator name-id="C001085" sort-field="Clarke (MI)" unaccented-name="Clarke (MI)" party="D" state="MI" role="legislator">Clarke (MI)</legislator><vote>No</vote></recorded-vote>
<recorded-vote><legislator name-id="C001067" sort-field="Clarke (NY)" unaccented-name="Clarke (NY)" party="D" state="NY" role="legislator">Clarke (NY)</legislator><vote>No</vote></recorded-vote>
<recorded-vote><legislator name-id="C001049" sort-field="Clay" unaccented-name="Clay" party="D" state="MO" role="legislator">Clay</legislator><vote>No</vote></recorded-vote>
<recorded-vote><legislator name-id="C001061" sort-field="Cleaver" unaccented-name="Cleaver" party="D" state="MO" role="legislator">Cleaver</legislator><vote>Not Voting</vote></recorded-vote>
<recorded-vote><legislator name-id="C000537" sort-field="Clyburn" unaccented-name="Clyburn" party="D" state="SC" role="legislator">Clyburn</legislator><vote>No</vote></recorded-vote>
<recorded-vote><legislator name-id="C000556" sort-field="Coble" unaccented-name="Coble" party="R" state="NC" role="legislator">Coble</legislator><vote>Aye</vote></recorded-vote>
<recorded-vote><legislator name-id="C001077" sort-field="Coffman (CO)" unaccented-name="Coffman (CO)" party="R" state="CO" role="legislator">Coffman (CO)</legislator><vote>Aye</vote></recorded-vote>
<recorded-vote><legislator name-id="C001068" sort-field="Cohen" unaccented-name="Cohen" party="D" state="TN" role="legislator">Cohen</legislator><vote>No</vote></recorded-vote>
<recorded-vote><legislator name-id="C001053" sort-field="Cole" unaccented-name="Cole" party="R" state="OK" role="legislator">Cole</legislator><vote>Aye</vote></recorded-vote>
<recorded-vote><legislator name-id="C001062" sort-field="Conaway" unaccented-name="Conaway" party="R" state="TX" role="legislator">Conaway</legislator><vote>Aye</vote></recorded-vote>
<recorded-vote><legislator name-id="C001078" sort-field="Connolly (VA)" unaccented-name="Connolly (VA)" party="D" state="VA" role="legislator">Connolly (VA)</legislator><vote>No</vote></recorded-vote>
<recorded-vote><legislator name-id="C000714" sort-field="Conyers" unaccented-name="Conyers" party="D" state="MI" role="legislator">Conyers</legislator><vote>No</vote></recorded-vote>
<recorded-vote><legislator name-id="C000754" sort-field="Cooper" unaccented-name="Cooper" party="D" state="TN" role="legislator">Cooper</legislator><vote>No</vote></recorded-vote>
<recorded-vote><legislator name-id="C001059" sort-field="Costa" unaccented-name="Costa" party="D" state="CA" role="legislator">Costa</legislator><vote>Aye</vote></recorded-vote>
<recorded-vote><legislator name-id="C000794" sort-field="Costello" unaccented-name="Costello" party="D" state="IL" role="legislator">Costello</legislator><vote>Aye</vote></recorded-vote>
<recorded-vote><legislator name-id="C001069" sort-field="Courtney" unaccented-name="Courtney" party="D" state="CT" role="legislator">Courtney</legislator><vote>No</vote></recorded-vote>
<recorded-vote><legislator name-id="C001086" sort-field="Cravaack" unaccented-name="Cravaack" party="R" state="MN" role="legislator">Cravaack</legislator><vote>Aye</vote></recorded-vote>
<recorded-vote><legislator name-id="C001087" sort-field="Crawford" unaccented-name="Crawford" party="R" state="AR" role="legislator">Crawford</legislator><vote>Aye</vote></recorded-vote>
<recorded-vote><legislator name-id="C001045" sort-field="Crenshaw" unaccented-name="Crenshaw" party="R" state="FL" role="legislator">Crenshaw</legislator><vote>Aye</vote></recorded-vote>
<recorded-vote><legislator name-id="C001081" sort-field="Critz" unaccented-name="Critz" party="D" state="PA" role="legislator">Critz</legislator><vote>Aye</vote></recorded-vote>
<recorded-vote><legislator name-id="C001038" sort-field="Crowley" unaccented-name="Crowley" party="D" state="NY" role="legislator">Crowley</legislator><vote>No</vote></recorded-vote>
<recorded-vote><legislator name-id="C001063" sort-field="Cuellar" unaccented-name="Cuellar" party="D" state="TX" role="legislator">Cuellar</legislator><vote>No</vote></recorded-vote>
<recorded-vote><legislator name-id="C001048" sort-field="Culberson" unaccented-name="Culberson" party="R" state="TX" role="legislator">Culberson</legislator><vote>Aye</vote></recorded-vote>
<recorded-vote><legislator name-id="C000984" sort-field="Cummings" unaccented-name="Cummings" party="D" state="MD" role="legislator">Cummings</legislator><vote>No</vote></recorded-vote>
<recorded-vote><legislator name-id="D000598" sort-field="Davis (CA)" unaccented-name="Davis (CA)" party="D" state="CA" role="legislator">Davis (CA)</legislator><vote>No</vote></recorded-vote>
<recorded-vote><legislator name-id="D000096" sort-field="Davis (IL)" unaccented-name="Davis (IL)" party="D" state="IL" role="legislator">Davis (IL)</legislator><vote>No</vote></recorded-vote>
<recorded-vote><legislator name-id="D000603" sort-field="Davis (KY)" unaccented-name="Davis (KY)" party="R" state="KY" role="legislator">Davis (KY)</legislator><vote>No</vote></recorded-vote>
<recorded-vote><legislator name-id="D000191" sort-field="DeFazio" unaccented-name="DeFazio" party="D" state="OR" role="legislator">DeFazio</legislator><vote>No</vote></recorded-vote>
<recorded-vote><legislator name-id="D000197" sort-field="DeGette" unaccented-name="DeGette" party="D" state="CO" role="legislator">DeGette</legislator><vote>No</vote></recorded-vote>
<recorded-vote><legislator name-id="D000216" sort-field="DeLauro" unaccented-name="DeLauro" party="D" state="CT" role="legislator">DeLauro</legislator><vote>No</vote></recorded-vote>
<recorded-vote><legislator name-id="D000612" sort-field="Denham" unaccented-name="Denham" party="R" state="CA" role="legislator">Denham</legislator><vote>Aye</vote></recorded-vote>
<recorded-vote><legislator name-id="D000604" sort-field="Dent" unaccented-name="Dent" party="R" state="PA" role="legislator">Dent</legislator><vote>No</vote></recorded-vote>
<recorded-vote><legislator name-id="D000616" sort-field="DesJarlais" unaccented-name="DesJarlais" party="R" state="TN" role="legislator">DesJarlais</legislator><vote>Aye</vote></recorded-vote>
<recorded-vote><legislator name-id="D000610" sort-field="Deutch" unaccented-name="Deutch" party="D" state="FL" role="legislator">Deutch</legislator><vote>No</vote></recorded-vote>
<recorded-vote><legislator name-id="D000600" sort-field="Diaz-Balart" unaccented-name="Diaz-Balart" party="R" state="FL" role="legislator">Diaz-Balart</legislator><vote>Aye</vote></recorded-vote>
<recorded-vote><legislator name-id="D000327" sort-field="Dicks" unaccented-name="Dicks" party="D" state="WA" role="legislator">Dicks</legislator><vote>No</vote></recorded-vote>
<recorded-vote><legislator name-id="D000355" sort-field="Dingell" unaccented-name="Dingell" party="D" state="MI" role="legislator">Dingell</legislator><vote>No</vote></recorded-vote>
<recorded-vote><legislator name-id="D000399" sort-field="Doggett" unaccented-name="Doggett" party="D" state="TX" role="legislator">Doggett</legislator><vote>No</vote></recorded-vote>
<recorded-vote><legislator name-id="D000613" sort-field="Dold" unaccented-name="Dold" party="R" state="IL" role="legislator">Dold</legislator><vote>Aye</vote></recorded-vote>
<recorded-vote><legislator name-id="D000607" sort-field="Donnelly (IN)" unaccented-name="Donnelly (IN)" party="D" state="IN" role="legislator">Donnelly (IN)</legislator><vote>No</vote></recorded-vote>
<recorded-vote><legislator name-id="D000482" sort-field="Doyle" unaccented-name="Doyle" party="D" state="PA" role="legislator">Doyle</legislator><vote>No</vote></recorded-vote>
<recorded-vote><legislator name-id="D000492" sort-field="Dreier" unaccented-name="Dreier" party="R" state="CA" role="legislator">Dreier</legislator><vote>No</vote></recorded-vote>
<recorded-vote><legislator name-id="D000614" sort-field="Duffy" unaccented-name="Duffy" party="R" state="WI" role="legislator">Duffy</legislator><vote>Aye</vote></recorded-vote>
<recorded-vote><legislator name-id="D000615" sort-field="Duncan (SC)" unaccented-name="Duncan (SC)" party="R" state="SC" role="legislator">Duncan (SC)</legislator><vote>Aye</vote></recorded-vote>
<recorded-vote><legislator name-id="D000533" sort-field="Duncan (TN)" unaccented-name="Duncan (TN)" party="R" state="TN" role="legislator">Duncan (TN)</legislator><vote>Aye</vote></recorded-vote>
<recorded-vote><legislator name-id="E000290" sort-field="Edwards" unaccented-name="Edwards" party="D" state="MD" role="legislator">Edwards</legislator><vote>No</vote></recorded-vote>
<recorded-vote><legislator name-id="E000288" sort-field="Ellison" unaccented-name="Ellison" party="D" state="MN" role="legislator">Ellison</legislator><vote>No</vote></recorded-vote>
<recorded-vote><legislator name-id="E000291" sort-field="Ellmers" unaccented-name="Ellmers" party="R" state="NC" role="legislator">Ellmers</legislator><vote>Aye</vote></recorded-vote>
<recorded-vote><legislator name-id="E000172" sort-field="Emerson" unaccented-name="Emerson" party="R" state="MO" role="legislator">Emerson</legislator><vote>Aye</vote></recorded-vote>
<recorded-vote><legislator name-id="E000179" sort-field="Engel" unaccented-name="Engel" party="D" state="NY" role="legislator">Engel</legislator><vote>Aye</vote></recorded-vote>
<recorded-vote><legislator name-id="E000215" sort-field="Eshoo" unaccented-name="Eshoo" party="D" state="CA" role="legislator">Eshoo</legislator><vote>No</vote></recorded-vote>
<recorded-vote><legislator name-id="F000460" sort-field="Farenthold" unaccented-name="Farenthold" party="R" state="TX" role="legislator">Farenthold</legislator><vote>Aye</vote></recorded-vote>
<recorded-vote><legislator name-id="F000030" sort-field="Farr" unaccented-name="Farr" party="D" state="CA" role="legislator">Farr</legislator><vote>No</vote></recorded-vote>
<recorded-vote><legislator name-id="F000043" sort-field="Fattah" unaccented-name="Fattah" party="D" state="PA" role="legislator">Fattah</legislator><vote>No</vote></recorded-vote>
<recorded-vote><legislator name-id="F000116" sort-field="Filner" unaccented-name="Filner" party="D" state="CA" role="legislator">Filner</legislator><vote>No</vote></recorded-vote>
<recorded-vote><legislator name-id="F000458" sort-field="Fincher" unaccented-name="Fincher" party="R" state="TN" role="legislator">Fincher</legislator><vote>Aye</vote></recorded-vote>
<recorded-vote><legislator name-id="F000451" sort-field="Fitzpatrick" unaccented-name="Fitzpatrick" party="R" state="PA" role="legislator">Fitzpatrick</legislator><vote>Aye</vote></recorded-vote>
<recorded-vote><legislator name-id="F000444" sort-field="Flake" unaccented-name="Flake" party="R" state="AZ" role="legislator">Flake</legislator><vote>Aye</vote></recorded-vote>
<recorded-vote><legislator name-id="F000459" sort-field="Fleischmann" unaccented-name="Fleischmann" party="R" state="TN" role="legislator">Fleischmann</legislator><vote>Aye</vote></recorded-vote>
<recorded-vote><legislator name-id="F000456" sort-field="Fleming" unaccented-name="Fleming" party="R" state="LA" role="legislator">Fleming</legislator><vote>Aye</vote></recorded-vote>
<recorded-vote><legislator name-id="F000461" sort-field="Flores" unaccented-name="Flores" party="R" state="TX" role="legislator">Flores</legislator><vote>Aye</vote></recorded-vote>
<recorded-vote><legislator name-id="F000445" sort-field="Forbes" unaccented-name="Forbes" party="R" state="VA" role="legislator">Forbes</legislator><vote>Aye</vote></recorded-vote>
<recorded-vote><legislator name-id="F000449" sort-field="Fortenberry" unaccented-name="Fortenberry" party="R" state="NE" role="legislator">Fortenberry</legislator><vote>No</vote></recorded-vote>
<recorded-vote><legislator name-id="F000450" sort-field="Foxx" unaccented-name="Foxx" party="R" state="NC" role="legislator">Foxx</legislator><vote>Aye</vote></recorded-vote>
<recorded-vote><legislator name-id="F000339" sort-field="Frank (MA)" unaccented-name="Frank (MA)" party="D" state="MA" role="legislator">Frank (MA)</legislator><vote>No</vote></recorded-vote>
<recorded-vote><legislator name-id="F000448" sort-field="Franks (AZ)" unaccented-name="Franks (AZ)" party="R" state="AZ" role="legislator">Franks (AZ)</legislator><vote>Aye</vote></recorded-vote>
<recorded-vote><legislator name-id="F000372" sort-field="Frelinghuysen" unaccented-name="Frelinghuysen" party="R" state="NJ" role="legislator">Frelinghuysen</legislator><vote>No</vote></recorded-vote>
<recorded-vote><legislator name-id="F000455" sort-field="Fudge" unaccented-name="Fudge" party="D" state="OH" role="legislator">Fudge</legislator><vote>No</vote></recorded-vote>
<recorded-vote><legislator name-id="G000021" sort-field="Gallegly" unaccented-name="Gallegly" party="R" state="CA" role="legislator">Gallegly</legislator><vote>Aye</vote></recorded-vote>
<recorded-vote><legislator name-id="G000559" sort-field="Garamendi" unaccented-name="Garamendi" party="D" state="CA" role="legislator">Garamendi</legislator><vote>No</vote></recorded-vote>
<recorded-vote><legislator name-id="G000562" sort-field="Gardner" unaccented-name="Gardner" party="R" state="CO" role="legislator">Gardner</legislator><vote>Aye</vote></recorded-vote>
<recorded-vote><legislator name-id="G000548" sort-field="Garrett" unaccented-name="Garrett" party="R" state="NJ" role="legislator">Garrett</legislator><vote>Aye</vote></recorded-vote>
<recorded-vote><legislator name-id="G000549" sort-field="Gerlach" unaccented-name="Gerlach" party="R" state="PA" role="legislator">Gerlach</legislator><vote>Aye</vote></recorded-vote>
<recorded-vote><legislator name-id="G000563" sort-field="Gibbs" unaccented-name="Gibbs" party="R" state="OH" role="legislator">Gibbs</legislator><vote>Aye</vote></recorded-vote>
<recorded-vote><legislator name-id="G000564" sort-field="Gibson" unaccented-name="Gibson" party="R" state="NY" role="legislator">Gibson</legislator><vote>No</vote></recorded-vote>
<recorded-vote><legislator name-id="G000554" sort-field="Giffords" unaccented-name="Giffords" party="D" state="AZ" role="legislator">Giffords</legislator><vote>Not Voting</vote></recorded-vote>
<recorded-vote><legislator name-id="G000550" sort-field="Gingrey (GA)" unaccented-name="Gingrey (GA)" party="R" state="GA" role="legislator">Gingrey (GA)</legislator><vote>Aye</vote></recorded-vote>
<recorded-vote><legislator name-id="G000552" sort-field="Gohmert" unaccented-name="Gohmert" party="R" state="TX" role="legislator">Gohmert</legislator><vote>Aye</vote></recorded-vote>
<recorded-vote><legislator name-id="G000544" sort-field="Gonzalez" unaccented-name="Gonzalez" party="D" state="TX" role="legislator">Gonzalez</legislator><vote>No</vote></recorded-vote>
<recorded-vote><legislator name-id="G000289" sort-field="Goodlatte" unaccented-name="Goodlatte" party="R" state="VA" role="legislator">Goodlatte</legislator><vote>Aye</vote></recorded-vote>
<recorded-vote><legislator name-id="G000565" sort-field="Gosar" unaccented-name="Gosar" party="R" state="AZ" role="legislator">Gosar</legislator><vote>Aye</vote></recorded-vote>
<recorded-vote><legislator name-id="G000566" sort-field="Gowdy" unaccented-name="Gowdy" party="R" state="SC" role="legislator">Gowdy</legislator><vote>Aye</vote></recorded-vote>
<recorded-vote><legislator name-id="G000377" sort-field="Granger" unaccented-name="Granger" party="R" state="TX" role="legislator">Granger</legislator><vote>No</vote></recorded-vote>
<recorded-vote><legislator name-id="G000560" sort-field="Graves (GA)" unaccented-name="Graves (GA)" party="R" state="GA" role="legislator">Graves (GA)</legislator><vote>Aye</vote></recorded-vote>
<recorded-vote><legislator name-id="G000546" sort-field="Graves (MO)" unaccented-name="Graves (MO)" party="R" state="MO" role="legislator">Graves (MO)</legislator><vote>Aye</vote></recorded-vote>
<recorded-vote><legislator name-id="G000553" sort-field="Green, Al" unaccented-name="Green, Al" party="D" state="TX" role="legislator">Green, Al</legislator><vote>No</vote></recorded-vote>
<recorded-vote><legislator name-id="G000410" sort-field="Green, Gene" unaccented-name="Green, Gene" party="D" state="TX" role="legislator">Green, Gene</legislator><vote>No</vote></recorded-vote>
<recorded-vote><legislator name-id="G000567" sort-field="Griffin (AR)" unaccented-name="Griffin (AR)" party="R" state="AR" role="legislator">Griffin (AR)</legislator><vote>Aye</vote></recorded-vote>
<recorded-vote><legislator name-id="G000568" sort-field="Griffith (VA)" unaccented-name="Griffith (VA)" party="R" state="VA" role="legislator">Griffith (VA)</legislator><vote>Aye</vote></recorded-vote>
<recorded-vote><legislator name-id="G000551" sort-field="Grijalva" unaccented-name="Grijalva" party="D" state="AZ" role="legislator">Grijalva</legislator><vote>No</vote></recorded-vote>
<recorded-vote><legislator name-id="G000569" sort-field="Grimm" unaccented-name="Grimm" party="R" state="NY" role="legislator">Grimm</legislator><vote>No</vote></recorded-vote>
<recorded-vote><legislator name-id="G000570" sort-field="Guinta" unaccented-name="Guinta" party="R" state="NH" role="legislator">Guinta</legislator><vote>Aye</vote></recorded-vote>
<recorded-vote><legislator name-id="G000558" sort-field="Guthrie" unaccented-name="Guthrie" party="R" state="KY" role="legislator">Guthrie</legislator><vote>Aye</vote></recorded-vote>
<recorded-vote><legislator name-id="G000535" sort-field="Gutierrez" unaccented-name="Gutierrez" party="D" state="IL" role="legislator">Gutierrez</legislator><vote>No</vote></recorded-vote>
<recorded-vote><legislator name-id="H000067" sort-field="Hall" unaccented-name="Hall" party="R" state="TX" role="legislator">Hall</legislator><vote>Aye</vote></recorded-vote>
<recorded-vote><legislator name-id="H001050" sort-field="Hanabusa" unaccented-name="Hanabusa" party="D" state="HI" role="legislator">Hanabusa</legislator><vote>No</vote></recorded-vote>
<recorded-vote><legislator name-id="H001051" sort-field="Hanna" unaccented-name="Hanna" party="R" state="NY" role="legislator">Hanna</legislator><vote>No</vote></recorded-vote>
<recorded-vote><legislator name-id="H000213" sort-field="Harman" unaccented-name="Harman" party="D" state="CA" role="legislator">Harman</legislator><vote>Not Voting</vote></recorded-vote>
<recorded-vote><legislator name-id="H001045" sort-field="Harper" unaccented-name="Harper" party="R" state="MS" role="legislator">Harper</legislator><vote>Aye</vote></recorded-vote>
<recorded-vote><legislator name-id="H001052" sort-field="Harris" unaccented-name="Harris" party="R" state="MD" role="legislator">Harris</legislator><vote>Aye</vote></recorded-vote>
<recorded-vote><legislator name-id="H001053" sort-field="Hartzler" unaccented-name="Hartzler" party="R" state="MO" role="legislator">Hartzler</legislator><vote>Aye</vote></recorded-vote>
<recorded-vote><legislator name-id="H000324" sort-field="Hastings (FL)" unaccented-name="Hastings (FL)" party="D" state="FL" role="legislator">Hastings (FL)</legislator><vote>No</vote></recorded-vote>
<recorded-vote><legislator name-id="H000329" sort-field="Hastings (WA)" unaccented-name="Hastings (WA)" party="R" state="WA" role="legislator">Hastings (WA)</legislator><vote>Aye</vote></recorded-vote>
<recorded-vote><legislator name-id="H001054" sort-field="Hayworth" unaccented-name="Hayworth" party="R" state="NY" role="legislator">Hayworth</legislator><vote>Aye</vote></recorded-vote>
<recorded-vote><legislator name-id="H001055" sort-field="Heck" unaccented-name="Heck" party="R" state="NV" role="legislator">Heck</legislator><vote>Aye</vote></recorded-vote>
<recorded-vote><legislator name-id="H001046" sort-field="Heinrich" unaccented-name="Heinrich" party="D" state="NM" role="legislator">Heinrich</legislator><vote>No</vote></recorded-vote>
<recorded-vote><legislator name-id="H001041" sort-field="Heller" unaccented-name="Heller" party="R" state="NV" role="legislator">Heller</legislator><vote>Aye</vote></recorded-vote>
<recorded-vote><legislator name-id="H001036" sort-field="Hensarling" unaccented-name="Hensarling" party="R" state="TX" role="legislator">Hensarling</legislator><vote>Aye</vote></recorded-vote>
<recorded-vote><legislator name-id="H000528" sort-field="Herger" unaccented-name="Herger" party="R" state="CA" role="legislator">Herger</legislator><vote>Aye</vote></recorded-vote>
<recorded-vote><legislator name-id="H001056" sort-field="Herrera Beutler" unaccented-name="Herrera Beutler" party="R" state="WA" role="legislator">Herrera Beutler</legislator><vote>Aye</vote></recorded-vote>
<recorded-vote><legislator name-id="H001038" sort-field="Higgins" unaccented-name="Higgins" party="D" state="NY" role="legislator">Higgins</legislator><vote>No</vote></recorded-vote>
<recorded-vote><legislator name-id="H001047" sort-field="Himes" unaccented-name="Himes" party="D" state="CT" role="legislator">Himes</legislator><vote>No</vote></recorded-vote>
<recorded-vote><legislator name-id="H000627" sort-field="Hinchey" unaccented-name="Hinchey" party="D" state="NY" role="legislator">Hinchey</legislator><vote>No</vote></recorded-vote>
<recorded-vote><legislator name-id="H000636" sort-field="Hinojosa" unaccented-name="Hinojosa" party="D" state="TX" role="legislator">Hinojosa</legislator><vote>Not Voting</vote></recorded-vote>
<recorded-vote><legislator name-id="H001042" sort-field="Hirono" unaccented-name="Hirono" party="D" state="HI" role="legislator">Hirono</legislator><vote>No</vote></recorded-vote>
<recorded-vote><legislator name-id="H000712" sort-field="Holden" unaccented-name="Holden" party="D" state="PA" role="legislator">Holden</legislator><vote>No</vote></recorded-vote>
<recorded-vote><legislator name-id="H001032" sort-field="Holt" unaccented-name="Holt" party="D" state="NJ" role="legislator">Holt</legislator><vote>No</vote></recorded-vote>
<recorded-vote><legislator name-id="H001034" sort-field="Honda" unaccented-name="Honda" party="D" state="CA" role="legislator">Honda</legislator><vote>No</vote></recorded-vote>
<recorded-vote><legislator name-id="H000874" sort-field="Hoyer" unaccented-name="Hoyer" party="D" state="MD" role="legislator">Hoyer</legislator><vote>No</vote></recorded-vote>
<recorded-vote><legislator name-id="H001057" sort-field="Huelskamp" unaccented-name="Huelskamp" party="R" state="KS" role="legislator">Huelskamp</legislator><vote>Aye</vote></recorded-vote>
<recorded-vote><legislator name-id="H001058" sort-field="Huizenga (MI)" unaccented-name="Huizenga (MI)" party="R" state="MI" role="legislator">Huizenga (MI)</legislator><vote>Aye</vote></recorded-vote>
<recorded-vote><legislator name-id="H001059" sort-field="Hultgren" unaccented-name="Hultgren" party="R" state="IL" role="legislator">Hultgren</legislator><vote>Aye</vote></recorded-vote>
<recorded-vote><legislator name-id="H001048" sort-field="Hunter" unaccented-name="Hunter" party="R" state="CA" role="legislator">Hunter</legislator><vote>Aye</vote></recorded-vote>
<recorded-vote><legislator name-id="H001060" sort-field="Hurt" unaccented-name="Hurt" party="R" state="VA" role="legislator">Hurt</legislator><vote>Aye</vote></recorded-vote>
<recorded-vote><legislator name-id="I000026" sort-field="Inslee" unaccented-name="Inslee" party="D" state="WA" role="legislator">Inslee</legislator><vote>No</vote></recorded-vote>
<recorded-vote><legislator name-id="I000057" sort-field="Israel" unaccented-name="Israel" party="D" state="NY" role="legislator">Israel</legislator><vote>No</vote></recorded-vote>
<recorded-vote><legislator name-id="I000056" sort-field="Issa" unaccented-name="Issa" party="R" state="CA" role="legislator">Issa</legislator><vote>Aye</vote></recorded-vote>
<recorded-vote><legislator name-id="J000283" sort-field="Jackson (IL)" unaccented-name="Jackson (IL)" party="D" state="IL" role="legislator">Jackson (IL)</legislator><vote>No</vote></recorded-vote>
<recorded-vote><legislator name-id="J000032" sort-field="Jackson Lee (TX)" unaccented-name="Jackson Lee (TX)" party="D" state="TX" role="legislator">Jackson Lee (TX)</legislator><vote>No</vote></recorded-vote>
<recorded-vote><legislator name-id="J000290" sort-field="Jenkins" unaccented-name="Jenkins" party="R" state="KS" role="legislator">Jenkins</legislator><vote>Aye</vote></recorded-vote>
<recorded-vote><legislator name-id="J000288" sort-field="Johnson (GA)" unaccented-name="Johnson (GA)" party="D" state="GA" role="legislator">Johnson (GA)</legislator><vote>No</vote></recorded-vote>
<recorded-vote><legislator name-id="J000285" sort-field="Johnson (IL)" unaccented-name="Johnson (IL)" party="R" state="IL" role="legislator">Johnson (IL)</legislator><vote>Aye</vote></recorded-vote>
<recorded-vote><legislator name-id="J000292" sort-field="Johnson (OH)" unaccented-name="Johnson (OH)" party="R" state="OH" role="legislator">Johnson (OH)</legislator><vote>Aye</vote></recorded-vote>
<recorded-vote><legislator name-id="J000126" sort-field="Johnson, E. B." unaccented-name="Johnson, E. B." party="D" state="TX" role="legislator">Johnson, E. B.</legislator><vote>No</vote></recorded-vote>
<recorded-vote><legislator name-id="J000174" sort-field="Johnson, Sam" unaccented-name="Johnson, Sam" party="R" state="TX" role="legislator">Johnson, Sam</legislator><vote>Aye</vote></recorded-vote>
<recorded-vote><legislator name-id="J000255" sort-field="Jones" unaccented-name="Jones" party="R" state="NC" role="legislator">Jones</legislator><vote>Aye</vote></recorded-vote>
<recorded-vote><legislator name-id="J000289" sort-field="Jordan" unaccented-name="Jordan" party="R" state="OH" role="legislator">Jordan</legislator><vote>Aye</vote></recorded-vote>
<recorded-vote><legislator name-id="K000009" sort-field="Kaptur" unaccented-name="Kaptur" party="D" state="OH" role="legislator">Kaptur</legislator><vote>No</vote></recorded-vote>
<recorded-vote><legislator name-id="K000375" sort-field="Keating" unaccented-name="Keating" party="D" state="MA" role="legislator">Keating</legislator><vote>No</vote></recorded-vote>
<recorded-vote><legislator name-id="K000376" sort-field="Kelly" unaccented-name="Kelly" party="R" state="PA" role="legislator">Kelly</legislator><vote>Aye</vote></recorded-vote>
<recorded-vote><legislator name-id="K000172" sort-field="Kildee" unaccented-name="Kildee" party="D" state="MI" role="legislator">Kildee</legislator><vote>No</vote></recorded-vote>
<recorded-vote><legislator name-id="K000188" sort-field="Kind" unaccented-name="Kind" party="D" state="WI" role="legislator">Kind</legislator><vote>No</vote></recorded-vote>
<recorded-vote><legislator name-id="K000362" sort-field="King (IA)" unaccented-name="King (IA)" party="R" state="IA" role="legislator">King (IA)</legislator><vote>Aye</vote></recorded-vote>
<recorded-vote><legislator name-id="K000210" sort-field="King (NY)" unaccented-name="King (NY)" party="R" state="NY" role="legislator">King (NY)</legislator><vote>No</vote></recorded-vote>
<recorded-vote><legislator name-id="K000220" sort-field="Kingston" unaccented-name="Kingston" party="R" state="GA" role="legislator">Kingston</legislator><vote>Aye</vote></recorded-vote>
<recorded-vote><legislator name-id="K000378" sort-field="Kinzinger (IL)" unaccented-name="Kinzinger (IL)" party="R" state="IL" role="legislator">Kinzinger (IL)</legislator><vote>No</vote></recorded-vote>
<recorded-vote><legislator name-id="K000369" sort-field="Kissell" unaccented-name="Kissell" party="D" state="NC" role="legislator">Kissell</legislator><vote>Aye</vote></recorded-vote>
<recorded-vote><legislator name-id="K000363" sort-field="Kline" unaccented-name="Kline" party="R" state="MN" role="legislator">Kline</legislator><vote>Aye</vote></recorded-vote>
<recorded-vote><legislator name-id="K000336" sort-field="Kucinich" unaccented-name="Kucinich" party="D" state="OH" role="legislator">Kucinich</legislator><vote>No</vote></recorded-vote>
<recorded-vote><legislator name-id="L000573" sort-field="Labrador" unaccented-name="Labrador" party="R" state="ID" role="legislator">Labrador</legislator><vote>Aye</vote></recorded-vote>
<recorded-vote><legislator name-id="L000564" sort-field="Lamborn" unaccented-name="Lamborn" party="R" state="CO" role="legislator">Lamborn</legislator><vote>Aye</vote></recorded-vote>
<recorded-vote><legislator name-id="L000567" sort-field="Lance" unaccented-name="Lance" party="R" state="NJ" role="legislator">Lance</legislator><vote>No</vote></recorded-vote>
<recorded-vote><legislator name-id="L000574" sort-field="Landry" unaccented-name="Landry" party="R" state="LA" role="legislator">Landry</legislator><vote>Not Voting</vote></recorded-vote>
<recorded-vote><legislator name-id="L000559" sort-field="Langevin" unaccented-name="Langevin" party="D" state="RI" role="legislator">Langevin</legislator><vote>No</vote></recorded-vote>
<recorded-vote><legislator name-id="L000575" sort-field="Lankford" unaccented-name="Lankford" party="R" state="OK" role="legislator">Lankford</legislator><vote>Aye</vote></recorded-vote>
<recorded-vote><legislator name-id="L000560" sort-field="Larsen (WA)" unaccented-name="Larsen (WA)" party="D" state="WA" role="legislator">Larsen (WA)</legislator><vote>No</vote></recorded-vote>
<recorded-vote><legislator name-id="L000557" sort-field="Larson (CT)" unaccented-name="Larson (CT)" party="D" state="CT" role="legislator">Larson (CT)</legislator><vote>No</vote></recorded-vote>
<recorded-vote><legislator name-id="L000111" sort-field="Latham" unaccented-name="Latham" party="R" state="IA" role="legislator">Latham</legislator><vote>Aye</vote></recorded-vote>
<recorded-vote><legislator name-id="L000553" sort-field="LaTourette" unaccented-name="LaTourette" party="R" state="OH" role="legislator">LaTourette</legislator><vote>No</vote></recorded-vote>
<recorded-vote><legislator name-id="L000566" sort-field="Latta" unaccented-name="Latta" party="R" state="OH" role="legislator">Latta</legislator><vote>Aye</vote></recorded-vote>
<recorded-vote><legislator name-id="L000551" sort-field="Lee (CA)" unaccented-name="Lee (CA)" party="D" state="CA" role="legislator">Lee (CA)</legislator><vote>No</vote></recorded-vote>
<recorded-vote><legislator name-id="L000263" sort-field="Levin" unaccented-name="Levin" party="D" state="MI" role="legislator">Levin</legislator><vote>No</vote></recorded-vote>
<recorded-vote><legislator name-id="L000274" sort-field="Lewis (CA)" unaccented-name="Lewis (CA)" party="R" state="CA" role="legislator">Lewis (CA)</legislator><vote>Aye</vote></recorded-vote>
<recorded-vote><legislator name-id="L000287" sort-field="Lewis (GA)" unaccented-name="Lewis (GA)" party="D" state="GA" role="legislator">Lewis (GA)</legislator><vote>No</vote></recorded-vote>
<recorded-vote><legislator name-id="L000563" sort-field="Lipinski" unaccented-name="Lipinski" party="D" state="IL" role="legislator">Lipinski</legislator><vote>Aye</vote></recorded-vote>
<recorded-vote><legislator name-id="L000554" sort-field="LoBiondo" unaccented-name="LoBiondo" party="R" state="NJ" role="legislator">LoBiondo</legislator><vote>Aye</vote></recorded-vote>
<recorded-vote><legislator name-id="L000565" sort-field="Loebsack" unaccented-name="Loebsack" party="D" state="IA" role="legislator">Loebsack</legislator><vote>No</vote></recorded-vote>
<recorded-vote><legislator name-id="L000397" sort-field="Lofgren, Zoe" unaccented-name="Lofgren, Zoe" party="D" state="CA" role="legislator">Lofgren, Zoe</legislator><vote>No</vote></recorded-vote>
<recorded-vote><legislator name-id="L000576" sort-field="Long" unaccented-name="Long" party="R" state="MO" role="legislator">Long</legislator><vote>Aye</vote></recorded-vote>
<recorded-vote><legislator name-id="L000480" sort-field="Lowey" unaccented-name="Lowey" party="D" state="NY" role="legislator">Lowey</legislator><vote>No</vote></recorded-vote>
<recorded-vote><legislator name-id="L000491" sort-field="Lucas" unaccented-name="Lucas" party="R" state="OK" role="legislator">Lucas</legislator><vote>Aye</vote></recorded-vote>
<recorded-vote><legislator name-id="L000569" sort-field="Luetkemeyer" unaccented-name="Luetkemeyer" party="R" state="MO" role="legislator">Luetkemeyer</legislator><vote>Aye</vote></recorded-vote>
<recorded-vote><legislator name-id="L000570" sort-field="Lujan" unaccented-name="Lujan" party="D" state="NM" role="legislator">Luján</legislator><vote>No</vote></recorded-vote>
<recorded-vote><legislator name-id="L000571" sort-field="Lummis" unaccented-name="Lummis" party="R" state="WY" role="legislator">Lummis</legislator><vote>Aye</vote></recorded-vote>
<recorded-vote><legislator name-id="L000517" sort-field="Lungren, Daniel E." unaccented-name="Lungren, Daniel E." party="R" state="CA" role="legislator">Lungren, Daniel E.</legislator><vote>Aye</vote></recorded-vote>
<recorded-vote><legislator name-id="L000562" sort-field="Lynch" unaccented-name="Lynch" party="D" state="MA" role="legislator">Lynch</legislator><vote>No</vote></recorded-vote>
<recorded-vote><legislator name-id="M001155" sort-field="Mack" unaccented-name="Mack" party="R" state="FL" role="legislator">Mack</legislator><vote>Aye</vote></recorded-vote>
<recorded-vote><legislator name-id="M000087" sort-field="Maloney" unaccented-name="Maloney" party="D" state="NY" role="legislator">Maloney</legislator><vote>No</vote></recorded-vote>
<recorded-vote><legislator name-id="M001138" sort-field="Manzullo" unaccented-name="Manzullo" party="R" state="IL" role="legislator">Manzullo</legislator><vote>Aye</vote></recorded-vote>
<recorded-vote><legislator name-id="M001158" sort-field="Marchant" unaccented-name="Marchant" party="R" state="TX" role="legislator">Marchant</legislator><vote>Aye</vote></recorded-vote>
<recorded-vote><legislator name-id="M001179" sort-field="Marino" unaccented-name="Marino" party="R" state="PA" role="legislator">Marino</legislator><vote>Aye</vote></recorded-vote>
<recorded-vote><legislator name-id="M000133" sort-field="Markey" unaccented-name="Markey" party="D" state="MA" role="legislator">Markey</legislator><vote>No</vote></recorded-vote>
<recorded-vote><legislator name-id="M001142" sort-field="Matheson" unaccented-name="Matheson" party="D" state="UT" role="legislator">Matheson</legislator><vote>Aye</vote></recorded-vote>
<recorded-vote><legislator name-id="M001163" sort-field="Matsui" unaccented-name="Matsui" party="D" state="CA" role="legislator">Matsui</legislator><vote>No</vote></recorded-vote>
<recorded-vote><legislator name-id="M001165" sort-field="McCarthy (CA)" unaccented-name="McCarthy (CA)" party="R" state="CA" role="legislator">McCarthy (CA)</legislator><vote>Aye</vote></recorded-vote>
<recorded-vote><legislator name-id="M000309" sort-field="McCarthy (NY)" unaccented-name="McCarthy (NY)" party="D" state="NY" role="legislator">McCarthy (NY)</legislator><vote>No</vote></recorded-vote>
<recorded-vote><legislator name-id="M001157" sort-field="McCaul" unaccented-name="McCaul" party="R" state="TX" role="legislator">McCaul</legislator><vote>Aye</vote></recorded-vote>
<recorded-vote><legislator name-id="M001177" sort-field="McClintock" unaccented-name="McClintock" party="R" state="CA" role="legislator">McClintock</legislator><vote>Aye</vote></recorded-vote>
<recorded-vote><legislator name-id="M001143" sort-field="McCollum" unaccented-name="McCollum" party="D" state="MN" role="legislator">McCollum</legislator><vote>Not Voting</vote></recorded-vote>
<recorded-vote><legislator name-id="M001147" sort-field="McCotter" unaccented-name="McCotter" party="R" state="MI" role="legislator">McCotter</legislator><vote>Aye</vote></recorded-vote>
<recorded-vote><legislator name-id="M000404" sort-field="McDermott" unaccented-name="McDermott" party="D" state="WA" role="legislator">McDermott</legislator><vote>No</vote></recorded-vote>
<recorded-vote><legislator name-id="M000312" sort-field="McGovern" unaccented-name="McGovern" party="D" state="MA" role="legislator">McGovern</legislator><vote>No</vote></recorded-vote>
<recorded-vote><legislator name-id="M001156" sort-field="McHenry" unaccented-name="McHenry" party="R" state="NC" role="legislator">McHenry</legislator><vote>Aye</vote></recorded-vote>
<recorded-vote><legislator name-id="M000485" sort-field="McIntyre" unaccented-name="McIntyre" party="D" state="NC" role="legislator">McIntyre</legislator><vote>Aye</vote></recorded-vote>
<recorded-vote><legislator name-id="M000508" sort-field="McKeon" unaccented-name="McKeon" party="R" state="CA" role="legislator">McKeon</legislator><vote>Aye</vote></recorded-vote>
<recorded-vote><legislator name-id="M001180" sort-field="McKinley" unaccented-name="McKinley" party="R" state="WV" role="legislator">McKinley</legislator><vote>Aye</vote></recorded-vote>
<recorded-vote><legislator name-id="M001159" sort-field="McMorris Rodgers" unaccented-name="McMorris Rodgers" party="R" state="WA" role="legislator">McMorris Rodgers</legislator><vote>Aye</vote></recorded-vote>
<recorded-vote><legislator name-id="M001166" sort-field="McNerney" unaccented-name="McNerney" party="D" state="CA" role="legislator">McNerney</legislator><vote>No</vote></recorded-vote>
<recorded-vote><legislator name-id="M001181" sort-field="Meehan" unaccented-name="Meehan" party="R" state="PA" role="legislator">Meehan</legislator><vote>No</vote></recorded-vote>
<recorded-vote><legislator name-id="M001137" sort-field="Meeks" unaccented-name="Meeks" party="D" state="NY" role="legislator">Meeks</legislator><vote>No</vote></recorded-vote>
<recorded-vote><legislator name-id="M000689" sort-field="Mica" unaccented-name="Mica" party="R" state="FL" role="legislator">Mica</legislator><vote>Aye</vote></recorded-vote>
<recorded-vote><legislator name-id="M001149" sort-field="Michaud" unaccented-name="Michaud" party="D" state="ME" role="legislator">Michaud</legislator><vote>No</vote></recorded-vote>
<recorded-vote><legislator name-id="M001144" sort-field="Miller (FL)" unaccented-name="Miller (FL)" party="R" state="FL" role="legislator">Miller (FL)</legislator><vote>Aye</vote></recorded-vote>
<recorded-vote><legislator name-id="M001150" sort-field="Miller (MI)" unaccented-name="Miller (MI)" party="R" state="MI" role="legislator">Miller (MI)</legislator><vote>Aye</vote></recorded-vote>
<recorded-vote><legislator name-id="M001154" sort-field="Miller (NC)" unaccented-name="Miller (NC)" party="D" state="NC" role="legislator">Miller (NC)</legislator><vote>No</vote></recorded-vote>
<recorded-vote><legislator name-id="M001139" sort-field="Miller, Gary" unaccented-name="Miller, Gary" party="R" state="CA" role="legislator">Miller, Gary</legislator><vote>Aye</vote></recorded-vote>
<recorded-vote><legislator name-id="M000725" sort-field="Miller, George" unaccented-name="Miller, George" party="D" state="CA" role="legislator">Miller, George</legislator><vote>No</vote></recorded-vote>
<recorded-vote><legislator name-id="M001160" sort-field="Moore" unaccented-name="Moore" party="D" state="WI" role="legislator">Moore</legislator><vote>No</vote></recorded-vote>
<recorded-vote><legislator name-id="M000933" sort-field="Moran" unaccented-name="Moran" party="D" state="VA" role="legislator">Moran</legislator><vote>No</vote></recorded-vote>
<recorded-vote><legislator name-id="M001182" sort-field="Mulvaney" unaccented-name="Mulvaney" party="R" state="SC" role="legislator">Mulvaney</legislator><vote>Aye</vote></recorded-vote>
<recorded-vote><legislator name-id="M001169" sort-field="Murphy (CT)" unaccented-name="Murphy (CT)" party="D" state="CT" role="legislator">Murphy (CT)</legislator><vote>No</vote></recorded-vote>
<recorded-vote><legislator name-id="M001151" sort-field="Murphy (PA)" unaccented-name="Murphy (PA)" party="R" state="PA" role="legislator">Murphy (PA)</legislator><vote>Aye</vote></recorded-vote>
<recorded-vote><legislator name-id="M001134" sort-field="Myrick" unaccented-name="Myrick" party="R" state="NC" role="legislator">Myrick</legislator><vote>Aye</vote></recorded-vote>
<recorded-vote><legislator name-id="N000002" sort-field="Nadler" unaccented-name="Nadler" party="D" state="NY" role="legislator">Nadler</legislator><vote>No</vote></recorded-vote>
<recorded-vote><legislator name-id="N000179" sort-field="Napolitano" unaccented-name="Napolitano" party="D" state="CA" role="legislator">Napolitano</legislator><vote>No</vote></recorded-vote>
<recorded-vote><legislator name-id="N000015" sort-field="Neal" unaccented-name="Neal" party="D" state="MA" role="legislator">Neal</legislator><vote>No</vote></recorded-vote>
<recorded-vote><legislator name-id="N000182" sort-field="Neugebauer" unaccented-name="Neugebauer" party="R" state="TX" role="legislator">Neugebauer</legislator><vote>Aye</vote></recorded-vote>
<recorded-vote><legislator name-id="N000184" sort-field="Noem" unaccented-name="Noem" party="R" state="SD" role="legislator">Noem</legislator><vote>Aye</vote></recorded-vote>
<recorded-vote><legislator name-id="N000185" sort-field="Nugent" unaccented-name="Nugent" party="R" state="FL" role="legislator">Nugent</legislator><vote>Aye</vote></recorded-vote>
<recorded-vote><legislator name-id="N000181" sort-field="Nunes" unaccented-name="Nunes" party="R" state="CA" role="legislator">Nunes</legislator><vote>Aye</vote></recorded-vote>
<recorded-vote><legislator name-id="N000186" sort-field="Nunnelee" unaccented-name="Nunnelee" party="R" state="MS" role="legislator">Nunnelee</legislator><vote>Aye</vote></recorded-vote>
<recorded-vote><legislator name-id="O000168" sort-field="Olson" unaccented-name="Olson" party="R" state="TX" role="legislator">Olson</legislator><vote>Aye</vote></recorded-vote>
<recorded-vote><legislator name-id="O000085" sort-field="Olver" unaccented-name="Olver" party="D" state="MA" role="legislator">Olver</legislator><vote>No</vote></recorded-vote>
<recorded-vote><legislator name-id="O000169" sort-field="Owens" unaccented-name="Owens" party="D" state="NY" role="legislator">Owens</legislator><vote>No</vote></recorded-vote>
<recorded-vote><legislator name-id="P000601" sort-field="Palazzo" unaccented-name="Palazzo" party="R" state="MS" role="legislator">Palazzo</legislator><vote>Aye</vote></recorded-vote>
<recorded-vote><legislator name-id="P000034" sort-field="Pallone" unaccented-name="Pallone" party="D" state="NJ" role="legislator">Pallone</legislator><vote>No</vote></recorded-vote>
<recorded-vote><legislator name-id="P000096" sort-field="Pascrell" unaccented-name="Pascrell" party="D" state="NJ" role="legislator">Pascrell</legislator><vote>No</vote></recorded-vote>
<recorded-vote><legislator name-id="P000099" sort-field="Pastor (AZ)" unaccented-name="Pastor (AZ)" party="D" state="AZ" role="legislator">Pastor (AZ)</legislator><vote>No</vote></recorded-vote>
<recorded-vote><legislator name-id="P000583" sort-field="Paul" unaccented-name="Paul" party="R" state="TX" role="legislator">Paul</legislator><vote>Not Voting</vote></recorded-vote>
<recorded-vote><legislator name-id="P000594" sort-field="Paulsen" unaccented-name="Paulsen" party="R" state="MN" role="legislator">Paulsen</legislator><vote>Aye</vote></recorded-vote>
<recorded-vote><legislator name-id="P000149" sort-field="Payne" unaccented-name="Payne" party="D" state="NJ" role="legislator">Payne</legislator><vote>No</vote></recorded-vote>
<recorded-vote><legislator name-id="P000588" sort-field="Pearce" unaccented-name="Pearce" party="R" state="NM" role="legislator">Pearce</legislator><vote>Aye</vote></recorded-vote>
<recorded-vote><legislator name-id="P000197" sort-field="Pelosi" unaccented-name="Pelosi" party="D" state="CA" role="legislator">Pelosi</legislator><vote>No</vote></recorded-vote>
<recorded-vote><legislator name-id="P000587" sort-field="Pence" unaccented-name="Pence" party="R" state="IN" role="legislator">Pence</legislator><vote>Aye</vote></recorded-vote>
<recorded-vote><legislator name-id="P000593" sort-field="Perlmutter" unaccented-name="Perlmutter" party="D" state="CO" role="legislator">Perlmutter</legislator><vote>No</vote></recorded-vote>
<recorded-vote><legislator name-id="P000595" sort-field="Peters" unaccented-name="Peters" party="D" state="MI" role="legislator">Peters</legislator><vote>Not Voting</vote></recorded-vote>
<recorded-vote><legislator name-id="P000258" sort-field="Peterson" unaccented-name="Peterson" party="D" state="MN" role="legislator">Peterson</legislator><vote>Aye</vote></recorded-vote>
<recorded-vote><legislator name-id="P000265" sort-field="Petri" unaccented-name="Petri" party="R" state="WI" role="legislator">Petri</legislator><vote>Aye</vote></recorded-vote>
<recorded-vote><legislator name-id="P000597" sort-field="Pingree (ME)" unaccented-name="Pingree (ME)" party="D" state="ME" role="legislator">Pingree (ME)</legislator><vote>No</vote></recorded-vote>
<recorded-vote><legislator name-id="P000373" sort-field="Pitts" unaccented-name="Pitts" party="R" state="PA" role="legislator">Pitts</legislator><vote>Aye</vote></recorded-vote>
<recorded-vote><legislator name-id="P000585" sort-field="Platts" unaccented-name="Platts" party="R" state="PA" role="legislator">Platts</legislator><vote>Aye</vote></recorded-vote>
<recorded-vote><legislator name-id="P000592" sort-field="Poe (TX)" unaccented-name="Poe (TX)" party="R" state="TX" role="legislator">Poe (TX)</legislator><vote>Aye</vote></recorded-vote>
<recorded-vote><legislator name-id="P000598" sort-field="Polis" unaccented-name="Polis" party="D" state="CO" role="legislator">Polis</legislator><vote>No</vote></recorded-vote>
<recorded-vote><legislator name-id="P000602" sort-field="Pompeo" unaccented-name="Pompeo" party="R" state="KS" role="legislator">Pompeo</legislator><vote>Aye</vote></recorded-vote>
<recorded-vote><legislator name-id="P000599" sort-field="Posey" unaccented-name="Posey" party="R" state="FL" role="legislator">Posey</legislator><vote>Aye</vote></recorded-vote>
<recorded-vote><legislator name-id="P000591" sort-field="Price (GA)" unaccented-name="Price (GA)" party="R" state="GA" role="legislator">Price (GA)</legislator><vote>Aye</vote></recorded-vote>
<recorded-vote><legislator name-id="P000523" sort-field="Price (NC)" unaccented-name="Price (NC)" party="D" state="NC" role="legislator">Price (NC)</legislator><vote>No</vote></recorded-vote>
<recorded-vote><legislator name-id="Q000024" sort-field="Quayle" unaccented-name="Quayle" party="R" state="AZ" role="legislator">Quayle</legislator><vote>Not Voting</vote></recorded-vote>
<recorded-vote><legislator name-id="Q000023" sort-field="Quigley" unaccented-name="Quigley" party="D" state="IL" role="legislator">Quigley</legislator><vote>No</vote></recorded-vote>
<recorded-vote><legislator name-id="R000011" sort-field="Rahall" unaccented-name="Rahall" party="D" state="WV" role="legislator">Rahall</legislator><vote>No</vote></recorded-vote>
<recorded-vote><legislator name-id="R000053" sort-field="Rangel" unaccented-name="Rangel" party="D" state="NY" role="legislator">Rangel</legislator><vote>No</vote></recorded-vote>
<recorded-vote><legislator name-id="R000585" sort-field="Reed" unaccented-name="Reed" party="R" state="NY" role="legislator">Reed</legislator><vote>Aye</vote></recorded-vote>
<recorded-vote><legislator name-id="R000571" sort-field="Rehberg" unaccented-name="Rehberg" party="R" state="MT" role="legislator">Rehberg</legislator><vote>Aye</vote></recorded-vote>
<recorded-vote><legislator name-id="R000578" sort-field="Reichert" unaccented-name="Reichert" party="R" state="WA" role="legislator">Reichert</legislator><vote>Aye</vote></recorded-vote>
<recorded-vote><legislator name-id="R000586" sort-field="Renacci" unaccented-name="Renacci" party="R" state="OH" role="legislator">Renacci</legislator><vote>Aye</vote></recorded-vote>
<recorded-vote><legislator name-id="R000170" sort-field="Reyes" unaccented-name="Reyes" party="D" state="TX" role="legislator">Reyes</legislator><vote>No</vote></recorded-vote>
<recorded-vote><legislator name-id="R000587" sort-field="Ribble" unaccented-name="Ribble" party="R" state="WI" role="legislator">Ribble</legislator><vote>Aye</vote></recorded-vote>
<recorded-vote><legislator name-id="R000581" sort-field="Richardson" unaccented-name="Richardson" party="D" state="CA" role="legislator">Richardson</legislator><vote>No</vote></recorded-vote>
<recorded-vote><legislator name-id="R000588" sort-field="Richmond" unaccented-name="Richmond" party="D" state="LA" role="legislator">Richmond</legislator><vote>No</vote></recorded-vote>
<recorded-vote><legislator name-id="R000589" sort-field="Rigell" unaccented-name="Rigell" party="R" state="VA" role="legislator">Rigell</legislator><vote>Aye</vote></recorded-vote>
<recorded-vote><legislator name-id="R000590" sort-field="Rivera" unaccented-name="Rivera" party="R" state="FL" role="legislator">Rivera</legislator><vote>Aye</vote></recorded-vote>
<recorded-vote><legislator name-id="R000591" sort-field="Roby" unaccented-name="Roby" party="R" state="AL" role="legislator">Roby</legislator><vote>Not Voting</vote></recorded-vote>
<recorded-vote><legislator name-id="R000582" sort-field="Roe (TN)" unaccented-name="Roe (TN)" party="R" state="TN" role="legislator">Roe (TN)</legislator><vote>Aye</vote></recorded-vote>
<recorded-vote><legislator name-id="R000575" sort-field="Rogers (AL)" unaccented-name="Rogers (AL)" party="R" state="AL" role="legislator">Rogers (AL)</legislator><vote>Aye</vote></recorded-vote>
<recorded-vote><legislator name-id="R000395" sort-field="Rogers (KY)" unaccented-name="Rogers (KY)" party="R" state="KY" role="legislator">Rogers (KY)</legislator><vote>Aye</vote></recorded-vote>
<recorded-vote><legislator name-id="R000572" sort-field="Rogers (MI)" unaccented-name="Rogers (MI)" party="R" state="MI" role="legislator">Rogers (MI)</legislator><vote>Aye</vote></recorded-vote>
<recorded-vote><legislator name-id="R000409" sort-field="Rohrabacher" unaccented-name="Rohrabacher" party="R" state="CA" role="legislator">Rohrabacher</legislator><vote>Aye</vote></recorded-vote>
<recorded-vote><legislator name-id="R000592" sort-field="Rokita" unaccented-name="Rokita" party="R" state="IN" role="legislator">Rokita</legislator><vote>Aye</vote></recorded-vote>
<recorded-vote><legislator name-id="R000583" sort-field="Rooney" unaccented-name="Rooney" party="R" state="FL" role="legislator">Rooney</legislator><vote>Aye</vote></recorded-vote>
<recorded-vote><legislator name-id="R000435" sort-field="Ros-Lehtinen" unaccented-name="Ros-Lehtinen" party="R" state="FL" role="legislator">Ros-Lehtinen</legislator><vote>Aye</vote></recorded-vote>
<recorded-vote><legislator name-id="R000580" sort-field="Roskam" unaccented-name="Roskam" party="R" state="IL" role="legislator">Roskam</legislator><vote>Aye</vote></recorded-vote>
<recorded-vote><legislator name-id="R000573" sort-field="Ross (AR)" unaccented-name="Ross (AR)" party="D" state="AR" role="legislator">Ross (AR)</legislator><vote>Aye</vote></recorded-vote>
<recorded-vote><legislator name-id="R000593" sort-field="Ross (FL)" unaccented-name="Ross (FL)" party="R" state="FL" role="legislator">Ross (FL)</legislator><vote>Aye</vote></recorded-vote>
<recorded-vote><legislator name-id="R000462" sort-field="Rothman (NJ)" unaccented-name="Rothman (NJ)" party="D" state="NJ" role="legislator">Rothman (NJ)</legislator><vote>No</vote></recorded-vote>
<recorded-vote><legislator name-id="R000486" sort-field="Roybal-Allard" unaccented-name="Roybal-Allard" party="D" state="CA" role="legislator">Roybal-Allard</legislator><vote>No</vote></recorded-vote>
<recorded-vote><legislator name-id="R000487" sort-field="Royce" unaccented-name="Royce" party="R" state="CA" role="legislator">Royce</legislator><vote>Aye</vote></recorded-vote>
<recorded-vote><legislator name-id="R000594" sort-field="Runyan" unaccented-name="Runyan" party="R" state="NJ" role="legislator">Runyan</legislator><vote>Aye</vote></recorded-vote>
<recorded-vote><legislator name-id="R000576" sort-field="Ruppersberger" unaccented-name="Ruppersberger" party="D" state="MD" role="legislator">Ruppersberger</legislator><vote>No</vote></recorded-vote>
<recorded-vote><legislator name-id="R000515" sort-field="Rush" unaccented-name="Rush" party="D" state="IL" role="legislator">Rush</legislator><vote>No</vote></recorded-vote>
<recorded-vote><legislator name-id="R000577" sort-field="Ryan (OH)" unaccented-name="Ryan (OH)" party="D" state="OH" role="legislator">Ryan (OH)</legislator><vote>No</vote></recorded-vote>
<recorded-vote><legislator name-id="R000570" sort-field="Ryan (WI)" unaccented-name="Ryan (WI)" party="R" state="WI" role="legislator">Ryan (WI)</legislator><vote>Aye</vote></recorded-vote>
<recorded-vote><legislator name-id="S001156" sort-field="Sanchez, Linda T." unaccented-name="Sanchez, Linda T." party="D" state="CA" role="legislator">Sánchez, Linda T.</legislator><vote>No</vote></recorded-vote>
<recorded-vote><legislator name-id="S000030" sort-field="Sanchez, Loretta" unaccented-name="Sanchez, Loretta" party="D" state="CA" role="legislator">Sanchez, Loretta</legislator><vote>No</vote></recorded-vote>
<recorded-vote><legislator name-id="S001168" sort-field="Sarbanes" unaccented-name="Sarbanes" party="D" state="MD" role="legislator">Sarbanes</legislator><vote>No</vote></recorded-vote>
<recorded-vote><legislator name-id="S001176" sort-field="Scalise" unaccented-name="Scalise" party="R" state="LA" role="legislator">Scalise</legislator><vote>Aye</vote></recorded-vote>
<recorded-vote><legislator name-id="S001145" sort-field="Schakowsky" unaccented-name="Schakowsky" party="D" state="IL" role="legislator">Schakowsky</legislator><vote>No</vote></recorded-vote>
<recorded-vote><legislator name-id="S001150" sort-field="Schiff" unaccented-name="Schiff" party="D" state="CA" role="legislator">Schiff</legislator><vote>No</vote></recorded-vote>
<recorded-vote><legislator name-id="S001182" sort-field="Schilling" unaccented-name="Schilling" party="R" state="IL" role="legislator">Schilling</legislator><vote>Aye</vote></recorded-vote>
<recorded-vote><legislator name-id="S001164" sort-field="Schmidt" unaccented-name="Schmidt" party="R" state="OH" role="legislator">Schmidt</legislator><vote>Aye</vote></recorded-vote>
<recorded-vote><legislator name-id="S001179" sort-field="Schock" unaccented-name="Schock" party="R" state="IL" role="legislator">Schock</legislator><vote>No</vote></recorded-vote>
<recorded-vote><legislator name-id="S001180" sort-field="Schrader" unaccented-name="Schrader" party="D" state="OR" role="legislator">Schrader</legislator><vote>No</vote></recorded-vote>
<recorded-vote><legislator name-id="S001162" sort-field="Schwartz" unaccented-name="Schwartz" party="D" state="PA" role="legislator">Schwartz</legislator><vote>No</vote></recorded-vote>
<recorded-vote><legislator name-id="S001183" sort-field="Schweikert" unaccented-name="Schweikert" party="R" state="AZ" role="legislator">Schweikert</legislator><vote>Aye</vote></recorded-vote>
<recorded-vote><legislator name-id="S001184" sort-field="Scott (SC)" unaccented-name="Scott (SC)" party="R" state="SC" role="legislator">Scott (SC)</legislator><vote>Aye</vote></recorded-vote>
<recorded-vote><legislator name-id="S000185" sort-field="Scott (VA)" unaccented-name="Scott (VA)" party="D" state="VA" role="legislator">Scott (VA)</legislator><vote>No</vote></recorded-vote>
<recorded-vote><legislator name-id="S001189" sort-field="Scott, Austin" unaccented-name="Scott, Austin" party="R" state="GA" role="legislator">Scott, Austin</legislator><vote>Aye</vote></recorded-vote>
<recorded-vote><legislator name-id="S001157" sort-field="Scott, David" unaccented-name="Scott, David" party="D" state="GA" role="legislator">Scott, David</legislator><vote>No</vote></recorded-vote>
<recorded-vote><legislator name-id="S000244" sort-field="Sensenbrenner" unaccented-name="Sensenbrenner" party="R" state="WI" role="legislator">Sensenbrenner</legislator><vote>Aye</vote></recorded-vote>
<recorded-vote><legislator name-id="S000248" sort-field="Serrano" unaccented-name="Serrano" party="D" state="NY" role="legislator">Serrano</legislator><vote>No</vote></recorded-vote>
<recorded-vote><legislator name-id="S000250" sort-field="Sessions" unaccented-name="Sessions" party="R" state="TX" role="legislator">Sessions</legislator><vote>Aye</vote></recorded-vote>
<recorded-vote><legislator name-id="S001185" sort-field="Sewell" unaccented-name="Sewell" party="D" state="AL" role="legislator">Sewell</legislator><vote>No</vote></recorded-vote>
<recorded-vote><legislator name-id="S000344" sort-field="Sherman" unaccented-name="Sherman" party="D" state="CA" role="legislator">Sherman</legislator><vote>No</vote></recorded-vote>
<recorded-vote><legislator name-id="S000364" sort-field="Shimkus" unaccented-name="Shimkus" party="R" state="IL" role="legislator">Shimkus</legislator><vote>Aye</vote></recorded-vote>
<recorded-vote><legislator name-id="S001171" sort-field="Shuler" unaccented-name="Shuler" party="D" state="NC" role="legislator">Shuler</legislator><vote>Aye</vote></recorded-vote>
<recorded-vote><legislator name-id="S001154" sort-field="Shuster" unaccented-name="Shuster" party="R" state="PA" role="legislator">Shuster</legislator><vote>Aye</vote></recorded-vote>
<recorded-vote><legislator name-id="S001148" sort-field="Simpson" unaccented-name="Simpson" party="R" state="ID" role="legislator">Simpson</legislator><vote>Aye</vote></recorded-vote>
<recorded-vote><legislator name-id="S001165" sort-field="Sires" unaccented-name="Sires" party="D" state="NJ" role="legislator">Sires</legislator><vote>No</vote></recorded-vote>
<recorded-vote><legislator name-id="S000480" sort-field="Slaughter" unaccented-name="Slaughter" party="D" state="NY" role="legislator">Slaughter</legislator><vote>No</vote></recorded-vote>
<recorded-vote><legislator name-id="S001172" sort-field="Smith (NE)" unaccented-name="Smith (NE)" party="R" state="NE" role="legislator">Smith (NE)</legislator><vote>Aye</vote></recorded-vote>
<recorded-vote><legislator name-id="S000522" sort-field="Smith (NJ)" unaccented-name="Smith (NJ)" party="R" state="NJ" role="legislator">Smith (NJ)</legislator><vote>No</vote></recorded-vote>
<recorded-vote><legislator name-id="S000583" sort-field="Smith (TX)" unaccented-name="Smith (TX)" party="R" state="TX" role="legislator">Smith (TX)</legislator><vote>Aye</vote></recorded-vote>
<recorded-vote><legislator name-id="S000510" sort-field="Smith (WA)" unaccented-name="Smith (WA)" party="D" state="WA" role="legislator">Smith (WA)</legislator><vote>No</vote></recorded-vote>
<recorded-vote><legislator name-id="S001186" sort-field="Southerland" unaccented-name="Southerland" party="R" state="FL" role="legislator">Southerland</legislator><vote>Aye</vote></recorded-vote>
<recorded-vote><legislator name-id="S001175" sort-field="Speier" unaccented-name="Speier" party="D" state="CA" role="legislator">Speier</legislator><vote>No</vote></recorded-vote>
<recorded-vote><legislator name-id="S000810" sort-field="Stark" unaccented-name="Stark" party="D" state="CA" role="legislator">Stark</legislator><vote>No</vote></recorded-vote>
<recorded-vote><legislator name-id="S000822" sort-field="Stearns" unaccented-name="Stearns" party="R" state="FL" role="legislator">Stearns</legislator><vote>Aye</vote></recorded-vote>
<recorded-vote><legislator name-id="S001187" sort-field="Stivers" unaccented-name="Stivers" party="R" state="OH" role="legislator">Stivers</legislator><vote>No</vote></recorded-vote>
<recorded-vote><legislator name-id="S001188" sort-field="Stutzman" unaccented-name="Stutzman" party="R" state="IN" role="legislator">Stutzman</legislator><vote>Aye</vote></recorded-vote>
<recorded-vote><legislator name-id="S001155" sort-field="Sullivan" unaccented-name="Sullivan" party="R" state="OK" role="legislator">Sullivan</legislator><vote>Aye</vote></recorded-vote>
<recorded-vote><legislator name-id="S001174" sort-field="Sutton" unaccented-name="Sutton" party="D" state="OH" role="legislator">Sutton</legislator><vote>No</vote></recorded-vote>
<recorded-vote><legislator name-id="T000459" sort-field="Terry" unaccented-name="Terry" party="R" state="NE" role="legislator">Terry</legislator><vote>Aye</vote></recorded-vote>
<recorded-vote><legislator name-id="T000460" sort-field="Thompson (CA)" unaccented-name="Thompson (CA)" party="D" state="CA" role="legislator">Thompson (CA)</legislator><vote>No</vote></recorded-vote>
<recorded-vote><legislator name-id="T000193" sort-field="Thompson (MS)" unaccented-name="Thompson (MS)" party="D" state="MS" role="legislator">Thompson (MS)</legislator><vote>No</vote></recorded-vote>
<recorded-vote><legislator name-id="T000467" sort-field="Thompson (PA)" unaccented-name="Thompson (PA)" party="R" state="PA" role="legislator">Thompson (PA)</legislator><vote>Aye</vote></recorded-vote>
<recorded-vote><legislator name-id="T000238" sort-field="Thornberry" unaccented-name="Thornberry" party="R" state="TX" role="legislator">Thornberry</legislator><vote>Aye</vote></recorded-vote>
<recorded-vote><legislator name-id="T000462" sort-field="Tiberi" unaccented-name="Tiberi" party="R" state="OH" role="legislator">Tiberi</legislator><vote>Aye</vote></recorded-vote>
<recorded-vote><legislator name-id="T000266" sort-field="Tierney" unaccented-name="Tierney" party="D" state="MA" role="legislator">Tierney</legislator><vote>No</vote></recorded-vote>
<recorded-vote><legislator name-id="T000470" sort-field="Tipton" unaccented-name="Tipton" party="R" state="CO" role="legislator">Tipton</legislator><vote>Aye</vote></recorded-vote>
<recorded-vote><legislator name-id="T000469" sort-field="Tonko" unaccented-name="Tonko" party="D" state="NY" role="legislator">Tonko</legislator><vote>No</vote></recorded-vote>
<recorded-vote><legislator name-id="T000326" sort-field="Towns" unaccented-name="Towns" party="D" state="NY" role="legislator">Towns</legislator><vote>No</vote></recorded-vote>
<recorded-vote><legislator name-id="T000465" sort-field="Tsongas" unaccented-name="Tsongas" party="D" state="MA" role="legislator">Tsongas</legislator><vote>No</vote></recorded-vote>
<recorded-vote><legislator name-id="T000463" sort-field="Turner" unaccented-name="Turner" party="R" state="OH" role="legislator">Turner</legislator><vote>No</vote></recorded-vote>
<recorded-vote><legislator name-id="U000031" sort-field="Upton" unaccented-name="Upton" party="R" state="MI" role="legislator">Upton</legislator><vote>Aye</vote></recorded-vote>
<recorded-vote><legislator name-id="V000128" sort-field="Van Hollen" unaccented-name="Van Hollen" party="D" state="MD" role="legislator">Van Hollen</legislator><vote>No</vote></recorded-vote>
<recorded-vote><legislator name-id="V000081" sort-field="Velazquez" unaccented-name="Velazquez" party="D" state="NY" role="legislator">Velázquez</legislator><vote>No</vote></recorded-vote>
<recorded-vote><legislator name-id="V000108" sort-field="Visclosky" unaccented-name="Visclosky" party="D" state="IN" role="legislator">Visclosky</legislator><vote>No</vote></recorded-vote>
<recorded-vote><legislator name-id="W000798" sort-field="Walberg" unaccented-name="Walberg" party="R" state="MI" role="legislator">Walberg</legislator><vote>Aye</vote></recorded-vote>
<recorded-vote><legislator name-id="W000791" sort-field="Walden" unaccented-name="Walden" party="R" state="OR" role="legislator">Walden</legislator><vote>No</vote></recorded-vote>
<recorded-vote><legislator name-id="W000811" sort-field="Walsh (IL)" unaccented-name="Walsh (IL)" party="R" state="IL" role="legislator">Walsh (IL)</legislator><vote>Aye</vote></recorded-vote>
<recorded-vote><legislator name-id="W000799" sort-field="Walz (MN)" unaccented-name="Walz (MN)" party="D" state="MN" role="legislator">Walz (MN)</legislator><vote>No</vote></recorded-vote>
<recorded-vote><legislator name-id="W000797" sort-field="Wasserman Schultz" unaccented-name="Wasserman Schultz" party="D" state="FL" role="legislator">Wasserman Schultz</legislator><vote>No</vote></recorded-vote>
<recorded-vote><legislator name-id="W000187" sort-field="Waters" unaccented-name="Waters" party="D" state="CA" role="legislator">Waters</legislator><vote>No</vote></recorded-vote>
<recorded-vote><legislator name-id="W000207" sort-field="Watt" unaccented-name="Watt" party="D" state="NC" role="legislator">Watt</legislator><vote>No</vote></recorded-vote>
<recorded-vote><legislator name-id="W000215" sort-field="Waxman" unaccented-name="Waxman" party="D" state="CA" role="legislator">Waxman</legislator><vote>No</vote></recorded-vote>
<recorded-vote><legislator name-id="W000806" sort-field="Webster" unaccented-name="Webster" party="R" state="FL" role="legislator">Webster</legislator><vote>Aye</vote></recorded-vote>
<recorded-vote><legislator name-id="W000792" sort-field="Weiner" unaccented-name="Weiner" party="D" state="NY" role="legislator">Weiner</legislator><vote>No</vote></recorded-vote>
<recorded-vote><legislator name-id="W000800" sort-field="Welch" unaccented-name="Welch" party="D" state="VT" role="legislator">Welch</legislator><vote>No</vote></recorded-vote>
<recorded-vote><legislator name-id="W000807" sort-field="West" unaccented-name="West" party="R" state="FL" role="legislator">West</legislator><vote>Aye</vote></recorded-vote>
<recorded-vote><legislator name-id="W000796" sort-field="Westmoreland" unaccented-name="Westmoreland" party="R" state="GA" role="legislator">Westmoreland</legislator><vote>Aye</vote></recorded-vote>
<recorded-vote><legislator name-id="W000413" sort-field="Whitfield" unaccented-name="Whitfield" party="R" state="KY" role="legislator">Whitfield</legislator><vote>Aye</vote></recorded-vote>
<recorded-vote><legislator name-id="W000808" sort-field="Wilson (FL)" unaccented-name="Wilson (FL)" party="D" state="FL" role="legislator">Wilson (FL)</legislator><vote>No</vote></recorded-vote>
<recorded-vote><legislator name-id="W000795" sort-field="Wilson (SC)" unaccented-name="Wilson (SC)" party="R" state="SC" role="legislator">Wilson (SC)</legislator><vote>Aye</vote></recorded-vote>
<recorded-vote><legislator name-id="W000804" sort-field="Wittman" unaccented-name="Wittman" party="R" state="VA" role="legislator">Wittman</legislator><vote>Aye</vote></recorded-vote>
<recorded-vote><legislator name-id="W000672" sort-field="Wolf" unaccented-name="Wolf" party="R" state="VA" role="legislator">Wolf</legislator><vote>Aye</vote></recorded-vote>
<recorded-vote><legislator name-id="W000809" sort-field="Womack" unaccented-name="Womack" party="R" state="AR" role="legislator">Womack</legislator><vote>Aye</vote></recorded-vote>
<recorded-vote><legislator name-id="W000810" sort-field="Woodall" unaccented-name="Woodall" party="R" state="GA" role="legislator">Woodall</legislator><vote>Aye</vote></recorded-vote>
<recorded-vote><legislator name-id="W000738" sort-field="Woolsey" unaccented-name="Woolsey" party="D" state="CA" role="legislator">Woolsey</legislator><vote>No</vote></recorded-vote>
<recorded-vote><legislator name-id="W000793" sort-field="Wu" unaccented-name="Wu" party="D" state="OR" role="legislator">Wu</legislator><vote>No</vote></recorded-vote>
<recorded-vote><legislator name-id="Y000062" sort-field="Yarmuth" unaccented-name="Yarmuth" party="D" state="KY" role="legislator">Yarmuth</legislator><vote>No</vote></recorded-vote>
<recorded-vote><legislator name-id="Y000063" sort-field="Yoder" unaccented-name="Yoder" party="R" state="KS" role="legislator">Yoder</legislator><vote>Aye</vote></recorded-vote>
<recorded-vote><legislator name-id="Y000033" sort-field="Young (AK)" unaccented-name="Young (AK)" party="R" state="AK" role="legislator">Young (AK)</legislator><vote>Aye</vote></recorded-vote>
<recorded-vote><legislator name-id="Y000031" sort-field="Young (FL)" unaccented-name="Young (FL)" party="R" state="FL" role="legislator">Young (FL)</legislator><vote>Aye</vote></recorded-vote>
<recorded-vote><legislator name-id="Y000064" sort-field="Young (IN)" unaccented-name="Young (IN)" party="R" state="IN" role="legislator">Young (IN)</legislator><vote>Aye</vote></recorded-vote>
</vote-data>
</rollcall-vote>
