<?xml version="1.0" encoding="UTF-8"?>
<!DOCTYPE rollcall-vote PUBLIC "-//US Congress//DTDs/vote v1.0 20031119 //EN" "http://clerk.house.gov/evs/vote.dtd">
<?xml-stylesheet type="text/xsl" href="http://clerk.house.gov/evs/vote.xsl"?>
<rollcall-vote>
<vote-metadata>
<majority>R</majority>
<congress>107</congress>
<session>1st</session>
<chamber>U.S. House of Representatives</chamber>
<rollcall-num>432</rollcall-num>
<legis-num>H CON RES 262</legis-num>
<vote-question>On Motion to Suspend the Rules and Agree</vote-question>
<vote-type>2/3 YEA-AND-NAY</vote-type>
<vote-result>Passed</vote-result>
<action-date>7-Nov-2001</action-date>
<action-time time-etz="13:24">1:24 PM</action-time>
<vote-desc>Expressing the sense of Congress that the President, at the WTO round of negotiations to be held at Doha, Qatar, from Nov. 9-11, 2001, should preserve the ability of the US to enforce its trade laws and should ensure that US exports are not subject to the abusive use of trade laws by other countries.</vote-desc>
<vote-totals>
<totals-by-party-header>
<party-header>Party</party-header>
<yea-header>Yeas</yea-header>
<nay-header>Nays</nay-header>
<present-header>Answered “Present”</present-header>
<not-voting-header>Not Voting</not-voting-header>
</totals-by-party-header>
<totals-by-party>
<party>Republican</party>
<yea-total>206</yea-total>
<nay-total>3</nay-total>
<present-total>0</present-total>
<not-voting-total>10</not-voting-total>
</totals-by-party>
<totals-by-party>
<party>Democratic</party>
<yea-total>202</yea-total>
<nay-total>1</nay-total>
<present-total>0</present-total>
<not-voting-total>8</not-voting-total>
</totals-by-party>
<totals-by-party>
<party>Independent</party>
<yea-total>2</yea-total>
<nay-total>0</nay-total>
<present-total>0</present-total>
<not-voting-total>0</not-voting-total>
</totals-by-party>
<totals-by-vote>
<total-stub>Totals</total-stub>
<yea-total>410</yea-total>
<nay-total>4</nay-total>
<present-total>0</present-total>
<not-voting-total>18</not-voting-total>
</totals-by-vote>
</vote-totals>
</vote-metadata>
<vote-data>
<recorded-vote><legislator party="D" state="HI" role="legislator">Abercrombie</legislator><vote>Yea</vote></recorded-vote>
<recorded-vote><legislator party="D" state="NY" role="legislator">Ackerman</legislator><vote>Yea</vote></recorded-vote>
<recorded-vote><legislator party="R" state="AL" role="legislator">Aderholt</legislator><vote>Yea</vote></recorded-vote>
<recorded-vote><legislator party="R" state="MO" role="legislator">Akin</legislator><vote>Yea</vote></recorded-vote>
<recorded-vote><legislator party="D" state="ME" role="legislator">Allen</legislator><vote>Yea</vote></recorded-vote>
<recorded-vote><legislator party="D" state="NJ" role="legislator">Andrews</legislator><vote>Yea</vote></recorded-vote>
<recorded-vote><legislator party="R" state="TX" role="legislator">Armey</legislator><vote>Yea</vote></recorded-vote>
<recorded-vote><legislator party="D" state="CA" role="legislator">Baca</legislator><vote>Yea</vote></recorded-vote>
<recorded-vote><legislator party="R" state="AL" role="legislator">Bachus</legislator><vote>Yea</vote></recorded-vote>
<recorded-vote><legislator party="D" state="WA" role="legislator">Baird</legislator><vote>Yea</vote></recorded-vote>
<recorded-vote><legislator party="R" state="LA" role="legislator">Baker</legislator><vote>Yea</vote></recorded-vote>
<recorded-vote><legislator party="D" state="ME" role="legislator">Baldacci</legislator><vote>Yea</vote></recorded-vote>
<recorded-vote><legislator party="D" state="WI" role="legislator">Baldwin</legislator><vote>Yea</vote></recorded-vote>
<recorded-vote><legislator party="R" state="NC" role="legislator">Ballenger</legislator><vote>Yea</vote></recorded-vote>
<recorded-vote><legislator party="D" state="MI" role="legislator">Barcia</legislator><vote>Yea</vote></recorded-vote>
<recorded-vote><legislator party="R" state="GA" role="legislator">Barr</legislator><vote>Yea</vote></recorded-vote>
<recorded-vote><legislator party="D" state="WI" role="legislator">Barrett</legislator><vote>Yea</vote></recorded-vote>
<recorded-vote><legislator party="R" state="MD" role="legislator">Bartlett</legislator><vote>Yea</vote></recorded-vote>
<recorded-vote><legislator party="R" state="TX" role="legislator">Barton</legislator><vote>Yea</vote></recorded-vote>
<recorded-vote><legislator party="R" state="NH" role="legislator">Bass</legislator><vote>Yea</vote></recorded-vote>
<recorded-vote><legislator party="D" state="CA" role="legislator">Becerra</legislator><vote>Yea</vote></recorded-vote>
<recorded-vote><legislator party="D" state="TX" role="legislator">Bentsen</legislator><vote>Yea</vote></recorded-vote>
<recorded-vote><legislator party="R" state="NE" role="legislator">Bereuter</legislator><vote>Yea</vote></recorded-vote>
<recorded-vote><legislator party="D" state="NV" role="legislator">Berkley</legislator><vote>Yea</vote></recorded-vote>
<recorded-vote><legislator party="D" state="CA" role="legislator">Berman</legislator><vote>Yea</vote></recorded-vote>
<recorded-vote><legislator party="D" state="AR" role="legislator">Berry</legislator><vote>Yea</vote></recorded-vote>
<recorded-vote><legislator party="R" state="IL" role="legislator">Biggert</legislator><vote>Yea</vote></recorded-vote>
<recorded-vote><legislator party="R" state="FL" role="legislator">Bilirakis</legislator><vote>Yea</vote></recorded-vote>
<recorded-vote><legislator party="D" state="GA" role="legislator">Bishop</legislator><vote>Yea</vote></recorded-vote>
<recorded-vote><legislator party="D" state="IL" role="legislator">Blagojevich</legislator><vote>Yea</vote></recorded-vote>
<recorded-vote><legislator party="D" state="OR" role="legislator">Blumenauer</legislator><vote>Yea</vote></recorded-vote>
<recorded-vote><legislator party="R" state="MO" role="legislator">Blunt</legislator><vote>Yea</vote></recorded-vote>
<recorded-vote><legislator party="R" state="NY" role="legislator">Boehlert</legislator><vote>Yea</vote></recorded-vote>
<recorded-vote><legislator party="R" state="OH" role="legislator">Boehner</legislator><vote>Yea</vote></recorded-vote>
<recorded-vote><legislator party="R" state="TX" role="legislator">Bonilla</legislator><vote>Yea</vote></recorded-vote>
<recorded-vote><legislator party="D" state="MI" role="legislator">Bonior</legislator><vote>Yea</vote></recorded-vote>
<recorded-vote><legislator party="R" state="CA" role="legislator">Bono</legislator><vote>Yea</vote></recorded-vote>
<recorded-vote><legislator party="D" state="PA" role="legislator">Borski</legislator><vote>Yea</vote></recorded-vote>
<recorded-vote><legislator party="D" state="IA" role="legislator">Boswell</legislator><vote>Yea</vote></recorded-vote>
<recorded-vote><legislator party="D" state="VA" role="legislator">Boucher</legislator><vote>Yea</vote></recorded-vote>
<recorded-vote><legislator party="D" state="FL" role="legislator">Boyd</legislator><vote>Yea</vote></recorded-vote>
<recorded-vote><legislator party="D" state="PA" role="legislator">Brady (PA)</legislator><vote>Yea</vote></recorded-vote>
<recorded-vote><legislator party="R" state="TX" role="legislator">Brady (TX)</legislator><vote>Yea</vote></recorded-vote>
<recorded-vote><legislator party="D" state="FL" role="legislator">Brown (FL)</legislator><vote>Yea</vote></recorded-vote>
<recorded-vote><legislator party="D" state="OH" role="legislator">Brown (OH)</legislator><vote>Yea</vote></recorded-vote>
<recorded-vote><legislator party="R" state="SC" role="legislator">Brown (SC)</legislator><vote>Yea</vote></recorded-vote>
<recorded-vote><legislator party="R" state="TN" role="legislator">Bryant</legislator><vote>Yea</vote></recorded-vote>
<recorded-vote><legislator party="R" state="NC" role="legislator">Burr</legislator><vote>Yea</vote></recorded-vote>
<recorded-vote><legislator party="R" state="IN" role="legislator">Burton</legislator><vote>Not Voting</vote></recorded-vote>
<recorded-vote><legislator party="R" state="IN" role="legislator">Buyer</legislator><vote>Not Voting</vote></recorded-vote>
<recorded-vote><legislator party="R" state="AL" role="legislator">Callahan</legislator><vote>Yea</vote></recorded-vote>
<recorded-vote><legislator party="R" state="CA" role="legislator">Calvert</legislator><vote>Yea</vote></recorded-vote>
<recorded-vote><legislator party="R" state="MI" role="legislator">Camp</legislator><vote>Yea</vote></recorded-vote>
<recorded-vote><legislator party="R" state="UT" role="legislator">Cannon</legislator><vote>Yea</vote></recorded-vote>
<recorded-vote><legislator party="R" state="VA" role="legislator">Cantor</legislator><vote>Yea</vote></recorded-vote>
<recorded-vote><legislator party="R" state="WV" role="legislator">Capito</legislator><vote>Yea</vote></recorded-vote>
<recorded-vote><legislator party="D" state="CA" role="legislator">Capps</legislator><vote>Yea</vote></recorded-vote>
<recorded-vote><legislator party="D" state="MA" role="legislator">Capuano</legislator><vote>Yea</vote></recorded-vote>
<recorded-vote><legislator party="D" state="MD" role="legislator">Cardin</legislator><vote>Yea</vote></recorded-vote>
<recorded-vote><legislator party="D" state="IN" role="legislator">Carson (IN)</legislator><vote>Yea</vote></recorded-vote>
<recorded-vote><legislator party="D" state="OK" role="legislator">Carson (OK)</legislator><vote>Yea</vote></recorded-vote>
<recorded-vote><legislator party="R" state="DE" role="legislator">Castle</legislator><vote>Yea</vote></recorded-vote>
<recorded-vote><legislator party="R" state="OH" role="legislator">Chabot</legislator><vote>Yea</vote></recorded-vote>
<recorded-vote><legislator party="R" state="GA" role="legislator">Chambliss</legislator><vote>Yea</vote></recorded-vote>
<recorded-vote><legislator party="D" state="MO" role="legislator">Clay</legislator><vote>Yea</vote></recorded-vote>
<recorded-vote><legislator party="D" state="NC" role="legislator">Clayton</legislator><vote>Yea</vote></recorded-vote>
<recorded-vote><legislator party="D" state="TN" role="legislator">Clement</legislator><vote>Yea</vote></recorded-vote>
<recorded-vote><legislator party="D" state="SC" role="legislator">Clyburn</legislator><vote>Yea</vote></recorded-vote>
<recorded-vote><legislator party="R" state="NC" role="legislator">Coble</legislator><vote>Yea</vote></recorded-vote>
<recorded-vote><legislator party="R" state="GA" role="legislator">Collins</legislator><vote>Yea</vote></recorded-vote>
<recorded-vote><legislator party="R" state="TX" role="legislator">Combest</legislator><vote>Yea</vote></recorded-vote>
<recorded-vote><legislator party="D" state="CA" role="legislator">Condit</legislator><vote>Yea</vote></recorded-vote>
<recorded-vote><legislator party="D" state="MI" role="legislator">Conyers</legislator><vote>Not Voting</vote></recorded-vote>
<recorded-vote><legislator party="R" state="LA" role="legislator">Cooksey</legislator><vote>Yea</vote></recorded-vote>
<recorded-vote><legislator party="D" state="IL" role="legislator">Costello</legislator><vote>Yea</vote></recorded-vote>
<recorded-vote><legislator party="R" state="CA" role="legislator">Cox</legislator><vote>Yea</vote></recorded-vote>
<recorded-vote><legislator party="D" state="PA" role="legislator">Coyne</legislator><vote>Yea</vote></recorded-vote>
<recorded-vote><legislator party="D" state="AL" role="legislator">Cramer</legislator><vote>Yea</vote></recorded-vote>
<recorded-vote><legislator party="R" state="IL" role="legislator">Crane</legislator><vote>Yea</vote></recorded-vote>
<recorded-vote><legislator party="R" state="FL" role="legislator">Crenshaw</legislator><vote>Yea</vote></recorded-vote>
<recorded-vote><legislator party="D" state="NY" role="legislator">Crowley</legislator><vote>Yea</vote></recorded-vote>
<recorded-vote><legislator party="R" state="WY" role="legislator">Cubin</legislator><vote>Not Voting</vote></recorded-vote>
<recorded-vote><legislator party="R" state="TX" role="legislator">Culberson</legislator><vote>Yea</vote></recorded-vote>
<recorded-vote><legislator party="D" state="MD" role="legislator">Cummings</legislator><vote>Yea</vote></recorded-vote>
<recorded-vote><legislator party="R" state="CA" role="legislator">Cunningham</legislator><vote>Yea</vote></recorded-vote>
<recorded-vote><legislator party="D" state="CA" role="legislator">Davis (CA)</legislator><vote>Yea</vote></recorded-vote>
<recorded-vote><legislator party="D" state="FL" role="legislator">Davis (FL)</legislator><vote>Yea</vote></recorded-vote>
<recorded-vote><legislator party="D" state="IL" role="legislator">Davis (IL)</legislator><vote>Yea</vote></recorded-vote>
<recorded-vote><legislator party="R" state="VA" role="legislator">Davis, Jo Ann</legislator><vote>Yea</vote></recorded-vote>
<recorded-vote><legislator party="R" state="VA" role="legislator">Davis, Tom</legislator><vote>Yea</vote></recorded-vote>
<recorded-vote><legislator party="R" state="GA" role="legislator">Deal</legislator><vote>Yea</vote></recorded-vote>
<recorded-vote><legislator party="D" state="OR" role="legislator">DeFazio</legislator><vote>Yea</vote></recorded-vote>
<recorded-vote><legislator party="D" state="CO" role="legislator">DeGette</legislator><vote>Yea</vote></recorded-vote>
<recorded-vote><legislator party="D" state="MA" role="legislator">Delahunt</legislator><vote>Yea</vote></recorded-vote>
<recorded-vote><legislator party="D" state="CT" role="legislator">DeLauro</legislator><vote>Yea</vote></recorded-vote>
<recorded-vote><legislator party="R" state="TX" role="legislator">DeLay</legislator><vote>Not Voting</vote></recorded-vote>
<recorded-vote><legislator party="R" state="SC" role="legislator">DeMint</legislator><vote>Yea</vote></recorded-vote>
<recorded-vote><legislator party="D" state="FL" role="legislator">Deutsch</legislator><vote>Yea</vote></recorded-vote>
<recorded-vote><legislator party="R" state="FL" role="legislator">Diaz-Balart</legislator><vote>Yea</vote></recorded-vote>
<recorded-vote><legislator party="D" state="WA" role="legislator">Dicks</legislator><vote>Yea</vote></recorded-vote>
<recorded-vote><legislator party="D" state="MI" role="legislator">Dingell</legislator><vote>Yea</vote></recorded-vote>
<recorded-vote><legislator party="D" state="TX" role="legislator">Doggett</legislator><vote>Yea</vote></recorded-vote>
<recorded-vote><legislator party="D" state="CA" role="legislator">Dooley</legislator><vote>Yea</vote></recorded-vote>
<recorded-vote><legislator party="R" state="CA" role="legislator">Doolittle</legislator><vote>Yea</vote></recorded-vote>
<recorded-vote><legislator party="D" state="PA" role="legislator">Doyle</legislator><vote>Yea</vote></recorded-vote>
<recorded-vote><legislator party="R" state="CA" role="legislator">Dreier</legislator><vote>Nay</vote></recorded-vote>
<recorded-vote><legislator party="R" state="TN" role="legislator">Duncan</legislator><vote>Yea</vote></recorded-vote>
<recorded-vote><legislator party="R" state="WA" role="legislator">Dunn</legislator><vote>Yea</vote></recorded-vote>
<recorded-vote><legislator party="D" state="TX" role="legislator">Edwards</legislator><vote>Yea</vote></recorded-vote>
<recorded-vote><legislator party="R" state="MI" role="legislator">Ehlers</legislator><vote>Yea</vote></recorded-vote>
<recorded-vote><legislator party="R" state="MD" role="legislator">Ehrlich</legislator><vote>Yea</vote></recorded-vote>
<recorded-vote><legislator party="R" state="MO" role="legislator">Emerson</legislator><vote>Yea</vote></recorded-vote>
<recorded-vote><legislator party="D" state="NY" role="legislator">Engel</legislator><vote>Yea</vote></recorded-vote>
<recorded-vote><legislator party="R" state="PA" role="legislator">English</legislator><vote>Yea</vote></recorded-vote>
<recorded-vote><legislator party="D" state="CA" role="legislator">Eshoo</legislator><vote>Yea</vote></recorded-vote>
<recorded-vote><legislator party="D" state="NC" role="legislator">Etheridge</legislator><vote>Yea</vote></recorded-vote>
<recorded-vote><legislator party="D" state="IL" role="legislator">Evans</legislator><vote>Yea</vote></recorded-vote>
<recorded-vote><legislator party="R" state="AL" role="legislator">Everett</legislator><vote>Yea</vote></recorded-vote>
<recorded-vote><legislator party="D" state="CA" role="legislator">Farr</legislator><vote>Yea</vote></recorded-vote>
<recorded-vote><legislator party="D" state="PA" role="legislator">Fattah</legislator><vote>Yea</vote></recorded-vote>
<recorded-vote><legislator party="R" state="NJ" role="legislator">Ferguson</legislator><vote>Yea</vote></recorded-vote>
<recorded-vote><legislator party="D" state="CA" role="legislator">Filner</legislator><vote>Yea</vote></recorded-vote>
<recorded-vote><legislator party="R" state="AZ" role="legislator">Flake</legislator><vote>Nay</vote></recorded-vote>
<recorded-vote><legislator party="R" state="KY" role="legislator">Fletcher</legislator><vote>Yea</vote></recorded-vote>
<recorded-vote><legislator party="R" state="FL" role="legislator">Foley</legislator><vote>Yea</vote></recorded-vote>
<recorded-vote><legislator party="R" state="VA" role="legislator">Forbes</legislator><vote>Yea</vote></recorded-vote>
<recorded-vote><legislator party="D" state="TN" role="legislator">Ford</legislator><vote>Yea</vote></recorded-vote>
<recorded-vote><legislator party="R" state="NY" role="legislator">Fossella</legislator><vote>Yea</vote></recorded-vote>
<recorded-vote><legislator party="D" state="MA" role="legislator">Frank</legislator><vote>Yea</vote></recorded-vote>
<recorded-vote><legislator party="R" state="NJ" role="legislator">Frelinghuysen</legislator><vote>Yea</vote></recorded-vote>
<recorded-vote><legislator party="D" state="TX" role="legislator">Frost</legislator><vote>Yea</vote></recorded-vote>
<recorded-vote><legislator party="R" state="CA" role="legislator">Gallegly</legislator><vote>Yea</vote></recorded-vote>
<recorded-vote><legislator party="R" state="IA" role="legislator">Ganske</legislator><vote>Not Voting</vote></recorded-vote>
<recorded-vote><legislator party="R" state="PA" role="legislator">Gekas</legislator><vote>Yea</vote></recorded-vote>
<recorded-vote><legislator party="D" state="MO" role="legislator">Gephardt</legislator><vote>Yea</vote></recorded-vote>
<recorded-vote><legislator party="R" state="NV" role="legislator">Gibbons</legislator><vote>Yea</vote></recorded-vote>
<recorded-vote><legislator party="R" state="MD" role="legislator">Gilchrest</legislator><vote>Not Voting</vote></recorded-vote>
<recorded-vote><legislator party="R" state="OH" role="legislator">Gillmor</legislator><vote>Yea</vote></recorded-vote>
<recorded-vote><legislator party="R" state="NY" role="legislator">Gilman</legislator><vote>Yea</vote></recorded-vote>
<recorded-vote><legislator party="D" state="TX" role="legislator">Gonzalez</legislator><vote>Yea</vote></recorded-vote>
<recorded-vote><legislator party="I" state="VA" role="legislator">Goode</legislator><vote>Yea</vote></recorded-vote>
<recorded-vote><legislator party="R" state="VA" role="legislator">Goodlatte</legislator><vote>Yea</vote></recorded-vote>
<recorded-vote><legislator party="D" state="TN" role="legislator">Gordon</legislator><vote>Yea</vote></recorded-vote>
<recorded-vote><legislator party="R" state="FL" role="legislator">Goss</legislator><vote>Yea</vote></recorded-vote>
<recorded-vote><legislator party="R" state="SC" role="legislator">Graham</legislator><vote>Yea</vote></recorded-vote>
<recorded-vote><legislator party="R" state="TX" role="legislator">Granger</legislator><vote>Yea</vote></recorded-vote>
<recorded-vote><legislator party="R" state="MO" role="legislator">Graves</legislator><vote>Yea</vote></recorded-vote>
<recorded-vote><legislator party="D" state="TX" role="legislator">Green (TX)</legislator><vote>Yea</vote></recorded-vote>
<recorded-vote><legislator party="R" state="WI" role="legislator">Green (WI)</legislator><vote>Yea</vote></recorded-vote>
<recorded-vote><legislator party="R" state="PA" role="legislator">Greenwood</legislator><vote>Yea</vote></recorded-vote>
<recorded-vote><legislator party="R" state="NY" role="legislator">Grucci</legislator><vote>Yea</vote></recorded-vote>
<recorded-vote><legislator party="D" state="IL" role="legislator">Gutierrez</legislator><vote>Yea</vote></recorded-vote>
<recorded-vote><legislator party="R" state="MN" role="legislator">Gutknecht</legislator><vote>Yea</vote></recorded-vote>
<recorded-vote><legislator party="D" state="OH" role="legislator">Hall (OH)</legislator><vote>Yea</vote></recorded-vote>
<recorded-vote><legislator party="D" state="TX" role="legislator">Hall (TX)</legislator><vote>Yea</vote></recorded-vote>
<recorded-vote><legislator party="R" state="UT" role="legislator">Hansen</legislator><vote>Yea</vote></recorded-vote>
<recorded-vote><legislator party="D" state="CA" role="legislator">Harman</legislator><vote>Yea</vote></recorded-vote>
<recorded-vote><legislator party="R" state="PA" role="legislator">Hart</legislator><vote>Yea</vote></recorded-vote>
<recorded-vote><legislator party="D" state="FL" role="legislator">Hastings (FL)</legislator><vote>Yea</vote></recorded-vote>
<recorded-vote><legislator party="R" state="WA" role="legislator">Hastings (WA)</legislator><vote>Yea</vote></recorded-vote>
<recorded-vote><legislator party="R" state="NC" role="legislator">Hayes</legislator><vote>Yea</vote></recorded-vote>
<recorded-vote><legislator party="R" state="AZ" role="legislator">Hayworth</legislator><vote>Yea</vote></recorded-vote>
<recorded-vote><legislator party="R" state="CO" role="legislator">Hefley</legislator><vote>Yea</vote></recorded-vote>
<recorded-vote><legislator party="R" state="CA" role="legislator">Herger</legislator><vote>Yea</vote></recorded-vote>
<recorded-vote><legislator party="D" state="IN" role="legislator">Hill</legislator><vote>Yea</vote></recorded-vote>
<recorded-vote><legislator party="R" state="TN" role="legislator">Hilleary</legislator><vote>Yea</vote></recorded-vote>
<recorded-vote><legislator party="D" state="AL" role="legislator">Hilliard</legislator><vote>Yea</vote></recorded-vote>
<recorded-vote><legislator party="D" state="NY" role="legislator">Hinchey</legislator><vote>Yea</vote></recorded-vote>
<recorded-vote><legislator party="D" state="TX" role="legislator">Hinojosa</legislator><vote>Yea</vote></recorded-vote>
<recorded-vote><legislator party="R" state="OH" role="legislator">Hobson</legislator><vote>Yea</vote></recorded-vote>
<recorded-vote><legislator party="D" state="PA" role="legislator">Hoeffel</legislator><vote>Yea</vote></recorded-vote>
<recorded-vote><legislator party="R" state="MI" role="legislator">Hoekstra</legislator><vote>Yea</vote></recorded-vote>
<recorded-vote><legislator party="D" state="PA" role="legislator">Holden</legislator><vote>Yea</vote></recorded-vote>
<recorded-vote><legislator party="D" state="NJ" role="legislator">Holt</legislator><vote>Yea</vote></recorded-vote>
<recorded-vote><legislator party="D" state="CA" role="legislator">Honda</legislator><vote>Yea</vote></recorded-vote>
<recorded-vote><legislator party="D" state="OR" role="legislator">Hooley</legislator><vote>Yea</vote></recorded-vote>
<recorded-vote><legislator party="R" state="CA" role="legislator">Horn</legislator><vote>Yea</vote></recorded-vote>
<recorded-vote><legislator party="R" state="IN" role="legislator">Hostettler</legislator><vote>Yea</vote></recorded-vote>
<recorded-vote><legislator party="R" state="NY" role="legislator">Houghton</legislator><vote>Yea</vote></recorded-vote>
<recorded-vote><legislator party="D" state="MD" role="legislator">Hoyer</legislator><vote>Yea</vote></recorded-vote>
<recorded-vote><legislator party="R" state="MO" role="legislator">Hulshof</legislator><vote>Yea</vote></recorded-vote>
<recorded-vote><legislator party="R" state="CA" role="legislator">Hunter</legislator><vote>Not Voting</vote></recorded-vote>
<recorded-vote><legislator party="R" state="IL" role="legislator">Hyde</legislator><vote>Yea</vote></recorded-vote>
<recorded-vote><legislator party="D" state="WA" role="legislator">Inslee</legislator><vote>Yea</vote></recorded-vote>
<recorded-vote><legislator party="R" state="GA" role="legislator">Isakson</legislator><vote>Yea</vote></recorded-vote>
<recorded-vote><legislator party="D" state="NY" role="legislator">Israel</legislator><vote>Yea</vote></recorded-vote>
<recorded-vote><legislator party="R" state="CA" role="legislator">Issa</legislator><vote>Yea</vote></recorded-vote>
<recorded-vote><legislator party="R" state="OK" role="legislator">Istook</legislator><vote>Yea</vote></recorded-vote>
<recorded-vote><legislator party="D" state="IL" role="legislator">Jackson (IL)</legislator><vote>Yea</vote></recorded-vote>
<recorded-vote><legislator party="D" state="TX" role="legislator">Jackson-Lee (TX)</legislator><vote>Yea</vote></recorded-vote>
<recorded-vote><legislator party="D" state="LA" role="legislator">Jefferson</legislator><vote>Yea</vote></recorded-vote>
<recorded-vote><legislator party="R" state="TN" role="legislator">Jenkins</legislator><vote>Yea</vote></recorded-vote>
<recorded-vote><legislator party="D" state="LA" role="legislator">John</legislator><vote>Yea</vote></recorded-vote>
<recorded-vote><legislator party="R" state="CT" role="legislator">Johnson (CT)</legislator><vote>Yea</vote></recorded-vote>
<recorded-vote><legislator party="R" state="IL" role="legislator">Johnson (IL)</legislator><vote>Yea</vote></recorded-vote>
<recorded-vote><legislator party="D" state="TX" role="legislator">Johnson, E. B.</legislator><vote>Yea</vote></recorded-vote>
<recorded-vote><legislator party="R" state="TX" role="legislator">Johnson, Sam</legislator><vote>Yea</vote></recorded-vote>
<recorded-vote><legislator party="R" state="NC" role="legislator">Jones (NC)</legislator><vote>Yea</vote></recorded-vote>
<recorded-vote><legislator party="D" state="OH" role="legislator">Jones (OH)</legislator><vote>Not Voting</vote></recorded-vote>
<recorded-vote><legislator party="D" state="PA" role="legislator">Kanjorski</legislator><vote>Yea</vote></recorded-vote>
<recorded-vote><legislator party="D" state="OH" role="legislator">Kaptur</legislator><vote>Yea</vote></recorded-vote>
<recorded-vote><legislator party="R" state="FL" role="legislator">Keller</legislator><vote>Yea</vote></recorded-vote>
<recorded-vote><legislator party="R" state="NY" role="legislator">Kelly</legislator><vote>Yea</vote></recorded-vote>
<recorded-vote><legislator party="R" state="MN" role="legislator">Kennedy (MN)</legislator><vote>Yea</vote></recorded-vote>
<recorded-vote><legislator party="D" state="RI" role="legislator">Kennedy (RI)</legislator><vote>Yea</vote></recorded-vote>
<recorded-vote><legislator party="R" state="IN" role="legislator">Kerns</legislator><vote>Yea</vote></recorded-vote>
<recorded-vote><legislator party="D" state="MI" role="legislator">Kildee</legislator><vote>Yea</vote></recorded-vote>
<recorded-vote><legislator party="D" state="MI" role="legislator">Kilpatrick</legislator><vote>Not Voting</vote></recorded-vote>
<recorded-vote><legislator party="D" state="WI" role="legislator">Kind (WI)</legislator><vote>Yea</vote></recorded-vote>
<recorded-vote><legislator party="R" state="NY" role="legislator">King (NY)</legislator><vote>Yea</vote></recorded-vote>
<recorded-vote><legislator party="R" state="GA" role="legislator">Kingston</legislator><vote>Yea</vote></recorded-vote>
<recorded-vote><legislator party="R" state="IL" role="legislator">Kirk</legislator><vote>Yea</vote></recorded-vote>
<recorded-vote><legislator party="D" state="WI" role="legislator">Kleczka</legislator><vote>Yea</vote></recorded-vote>
<recorded-vote><legislator party="R" state="MI" role="legislator">Knollenberg</legislator><vote>Yea</vote></recorded-vote>
<recorded-vote><legislator party="R" state="AZ" role="legislator">Kolbe</legislator><vote>Nay</vote></recorded-vote>
<recorded-vote><legislator party="D" state="OH" role="legislator">Kucinich</legislator><vote>Yea</vote></recorded-vote>
<recorded-vote><legislator party="D" state="NY" role="legislator">LaFalce</legislator><vote>Not Voting</vote></recorded-vote>
<recorded-vote><legislator party="R" state="IL" role="legislator">LaHood</legislator><vote>Yea</vote></recorded-vote>
<recorded-vote><legislator party="D" state="TX" role="legislator">Lampson</legislator><vote>Yea</vote></recorded-vote>
<recorded-vote><legislator party="D" state="RI" role="legislator">Langevin</legislator><vote>Yea</vote></recorded-vote>
<recorded-vote><legislator party="D" state="CA" role="legislator">Lantos</legislator><vote>Yea</vote></recorded-vote>
<recorded-vote><legislator party="R" state="OK" role="legislator">Largent</legislator><vote>Yea</vote></recorded-vote>
<recorded-vote><legislator party="D" state="WA" role="legislator">Larsen (WA)</legislator><vote>Yea</vote></recorded-vote>
<recorded-vote><legislator party="D" state="CT" role="legislator">Larson (CT)</legislator><vote>Yea</vote></recorded-vote>
<recorded-vote><legislator party="R" state="IA" role="legislator">Latham</legislator><vote>Yea</vote></recorded-vote>
<recorded-vote><legislator party="R" state="OH" role="legislator">LaTourette</legislator><vote>Yea</vote></recorded-vote>
<recorded-vote><legislator party="R" state="IA" role="legislator">Leach</legislator><vote>Yea</vote></recorded-vote>
<recorded-vote><legislator party="D" state="CA" role="legislator">Lee</legislator><vote>Yea</vote></recorded-vote>
<recorded-vote><legislator party="D" state="MI" role="legislator">Levin</legislator><vote>Yea</vote></recorded-vote>
<recorded-vote><legislator party="R" state="CA" role="legislator">Lewis (CA)</legislator><vote>Yea</vote></recorded-vote>
<recorded-vote><legislator party="D" state="GA" role="legislator">Lewis (GA)</legislator><vote>Yea</vote></recorded-vote>
<recorded-vote><legislator party="R" state="KY" role="legislator">Lewis (KY)</legislator><vote>Yea</vote></recorded-vote>
<recorded-vote><legislator party="R" state="GA" role="legislator">Linder</legislator><vote>Yea</vote></recorded-vote>
<recorded-vote><legislator party="D" state="IL" role="legislator">Lipinski</legislator><vote>Yea</vote></recorded-vote>
<recorded-vote><legislator party="R" state="NJ" role="legislator">LoBiondo</legislator><vote>Yea</vote></recorded-vote>
<recorded-vote><legislator party="D" state="CA" role="legislator">Lofgren</legislator><vote>Not Voting</vote></recorded-vote>
<recorded-vote><legislator party="D" state="NY" role="legislator">Lowey</legislator><vote>Yea</vote></recorded-vote>
<recorded-vote><legislator party="D" state="KY" role="legislator">Lucas (KY)</legislator><vote>Yea</vote></recorded-vote>
<recorded-vote><legislator party="R" state="OK" role="legislator">Lucas (OK)</legislator><vote>Yea</vote></recorded-vote>
<recorded-vote><legislator party="D" state="MN" role="legislator">Luther</legislator><vote>Yea</vote></recorded-vote>
<recorded-vote><legislator party="D" state="MA" role="legislator">Lynch</legislator><vote>Yea</vote></recorded-vote>
<recorded-vote><legislator party="D" state="CT" role="legislator">Maloney (CT)</legislator><vote>Yea</vote></recorded-vote>
<recorded-vote><legislator party="D" state="NY" role="legislator">Maloney (NY)</legislator><vote>Yea</vote></recorded-vote>
<recorded-vote><legislator party="R" state="IL" role="legislator">Manzullo</legislator><vote>Yea</vote></recorded-vote>
<recorded-vote><legislator party="D" state="MA" role="legislator">Markey</legislator><vote>Yea</vote></recorded-vote>
<recorded-vote><legislator party="D" state="PA" role="legislator">Mascara</legislator><vote>Yea</vote></recorded-vote>
<recorded-vote><legislator party="D" state="UT" role="legislator">Matheson</legislator><vote>Yea</vote></recorded-vote>
<recorded-vote><legislator party="D" state="CA" role="legislator">Matsui</legislator><vote>Yea</vote></recorded-vote>
<recorded-vote><legislator party="D" state="MO" role="legislator">McCarthy (MO)</legislator><vote>Yea</vote></recorded-vote>
<recorded-vote><legislator party="D" state="NY" role="legislator">McCarthy (NY)</legislator><vote>Yea</vote></recorded-vote>
<recorded-vote><legislator party="D" state="MN" role="legislator">McCollum</legislator><vote>Yea</vote></recorded-vote>
<recorded-vote><legislator party="R" state="LA" role="legislator">McCrery</legislator><vote>Yea</vote></recorded-vote>
<recorded-vote><legislator party="D" state="WA" role="legislator">McDermott</legislator><vote>Yea</vote></recorded-vote>
<recorded-vote><legislator party="D" state="MA" role="legislator">McGovern</legislator><vote>Yea</vote></recorded-vote>
<recorded-vote><legislator party="R" state="NY" role="legislator">McHugh</legislator><vote>Yea</vote></recorded-vote>
<recorded-vote><legislator party="R" state="CO" role="legislator">McInnis</legislator><vote>Yea</vote></recorded-vote>
<recorded-vote><legislator party="D" state="NC" role="legislator">McIntyre</legislator><vote>Yea</vote></recorded-vote>
<recorded-vote><legislator party="R" state="CA" role="legislator">McKeon</legislator><vote>Yea</vote></recorded-vote>
<recorded-vote><legislator party="D" state="GA" role="legislator">McKinney</legislator><vote>Yea</vote></recorded-vote>
<recorded-vote><legislator party="D" state="NY" role="legislator">McNulty</legislator><vote>Yea</vote></recorded-vote>
<recorded-vote><legislator party="D" state="MA" role="legislator">Meehan</legislator><vote>Yea</vote></recorded-vote>
<recorded-vote><legislator party="D" state="FL" role="legislator">Meek (FL)</legislator><vote>Yea</vote></recorded-vote>
<recorded-vote><legislator party="D" state="NY" role="legislator">Meeks (NY)</legislator><vote>Not Voting</vote></recorded-vote>
<recorded-vote><legislator party="D" state="NJ" role="legislator">Menendez</legislator><vote>Yea</vote></recorded-vote>
<recorded-vote><legislator party="R" state="FL" role="legislator">Mica</legislator><vote>Yea</vote></recorded-vote>
<recorded-vote><legislator party="D" state="CA" role="legislator">Millender-McDonald</legislator><vote>Yea</vote></recorded-vote>
<recorded-vote><legislator party="R" state="FL" role="legislator">Miller, Dan</legislator><vote>Yea</vote></recorded-vote>
<recorded-vote><legislator party="R" state="CA" role="legislator">Miller, Gary</legislator><vote>Yea</vote></recorded-vote>
<recorded-vote><legislator party="D" state="CA" role="legislator">Miller, George</legislator><vote>Yea</vote></recorded-vote>
<recorded-vote><legislator party="R" state="FL" role="legislator">Miller, Jeff</legislator><vote>Yea</vote></recorded-vote>
<recorded-vote><legislator party="D" state="HI" role="legislator">Mink</legislator><vote>Yea</vote></recorded-vote>
<recorded-vote><legislator party="D" state="WV" role="legislator">Mollohan</legislator><vote>Yea</vote></recorded-vote>
<recorded-vote><legislator party="D" state="KS" role="legislator">Moore</legislator><vote>Yea</vote></recorded-vote>
<recorded-vote><legislator party="R" state="KS" role="legislator">Moran (KS)</legislator><vote>Yea</vote></recorded-vote>
<recorded-vote><legislator party="D" state="VA" role="legislator">Moran (VA)</legislator><vote>Yea</vote></recorded-vote>
<recorded-vote><legislator party="R" state="MD" role="legislator">Morella</legislator><vote>Yea</vote></recorded-vote>
<recorded-vote><legislator party="D" state="PA" role="legislator">Murtha</legislator><vote>Yea</vote></recorded-vote>
<recorded-vote><legislator party="R" state="NC" role="legislator">Myrick</legislator><vote>Yea</vote></recorded-vote>
<recorded-vote><legislator party="D" state="NY" role="legislator">Nadler</legislator><vote>Yea</vote></recorded-vote>
<recorded-vote><legislator party="D" state="CA" role="legislator">Napolitano</legislator><vote>Yea</vote></recorded-vote>
<recorded-vote><legislator party="D" state="MA" role="legislator">Neal</legislator><vote>Yea</vote></recorded-vote>
<recorded-vote><legislator party="R" state="WA" role="legislator">Nethercutt</legislator><vote>Yea</vote></recorded-vote>
<recorded-vote><legislator party="R" state="OH" role="legislator">Ney</legislator><vote>Yea</vote></recorded-vote>
<recorded-vote><legislator party="R" state="KY" role="legislator">Northup</legislator><vote>Yea</vote></recorded-vote>
<recorded-vote><legislator party="R" state="GA" role="legislator">Norwood</legislator><vote>Yea</vote></recorded-vote>
<recorded-vote><legislator party="R" state="IA" role="legislator">Nussle</legislator><vote>Yea</vote></recorded-vote>
<recorded-vote><legislator party="D" state="MN" role="legislator">Oberstar</legislator><vote>Yea</vote></recorded-vote>
<recorded-vote><legislator party="D" state="WI" role="legislator">Obey</legislator><vote>Yea</vote></recorded-vote>
<recorded-vote><legislator party="D" state="MA" role="legislator">Olver</legislator><vote>Yea</vote></recorded-vote>
<recorded-vote><legislator party="D" state="TX" role="legislator">Ortiz</legislator><vote>Yea</vote></recorded-vote>
<recorded-vote><legislator party="R" state="NE" role="legislator">Osborne</legislator><vote>Yea</vote></recorded-vote>
<recorded-vote><legislator party="R" state="CA" role="legislator">Ose</legislator><vote>Yea</vote></recorded-vote>
<recorded-vote><legislator party="R" state="ID" role="legislator">Otter</legislator><vote>Yea</vote></recorded-vote>
<recorded-vote><legislator party="D" state="NY" role="legislator">Owens</legislator><vote>Yea</vote></recorded-vote>
<recorded-vote><legislator party="R" state="OH" role="legislator">Oxley</legislator><vote>Yea</vote></recorded-vote>
<recorded-vote><legislator party="D" state="NJ" role="legislator">Pallone</legislator><vote>Yea</vote></recorded-vote>
<recorded-vote><legislator party="D" state="NJ" role="legislator">Pascrell</legislator><vote>Yea</vote></recorded-vote>
<recorded-vote><legislator party="D" state="AZ" role="legislator">Pastor</legislator><vote>Yea</vote></recorded-vote>
<recorded-vote><legislator party="R" state="TX" role="legislator">Paul</legislator><vote>Yea</vote></recorded-vote>
<recorded-vote><legislator party="D" state="NJ" role="legislator">Payne</legislator><vote>Yea</vote></recorded-vote>
<recorded-vote><legislator party="D" state="CA" role="legislator">Pelosi</legislator><vote>Yea</vote></recorded-vote>
<recorded-vote><legislator party="R" state="IN" role="legislator">Pence</legislator><vote>Yea</vote></recorded-vote>
<recorded-vote><legislator party="D" state="MN" role="legislator">Peterson (MN)</legislator><vote>Not Voting</vote></recorded-vote>
<recorded-vote><legislator party="R" state="PA" role="legislator">Peterson (PA)</legislator><vote>Yea</vote></recorded-vote>
<recorded-vote><legislator party="R" state="WI" role="legislator">Petri</legislator><vote>Yea</vote></recorded-vote>
<recorded-vote><legislator party="D" state="IL" role="legislator">Phelps</legislator><vote>Yea</vote></recorded-vote>
<recorded-vote><legislator party="R" state="MS" role="legislator">Pickering</legislator><vote>Yea</vote></recorded-vote>
<recorded-vote><legislator party="R" state="PA" role="legislator">Pitts</legislator><vote>Yea</vote></recorded-vote>
<recorded-vote><legislator party="R" state="PA" role="legislator">Platts</legislator><vote>Yea</vote></recorded-vote>
<recorded-vote><legislator party="R" state="CA" role="legislator">Pombo</legislator><vote>Yea</vote></recorded-vote>
<recorded-vote><legislator party="D" state="ND" role="legislator">Pomeroy</legislator><vote>Yea</vote></recorded-vote>
<recorded-vote><legislator party="R" state="OH" role="legislator">Portman</legislator><vote>Yea</vote></recorded-vote>
<recorded-vote><legislator party="D" state="NC" role="legislator">Price (NC)</legislator><vote>Yea</vote></recorded-vote>
<recorded-vote><legislator party="R" state="OH" role="legislator">Pryce (OH)</legislator><vote>Yea</vote></recorded-vote>
<recorded-vote><legislator party="R" state="FL" role="legislator">Putnam</legislator><vote>Yea</vote></recorded-vote>
<recorded-vote><legislator party="R" state="NY" role="legislator">Quinn</legislator><vote>Not Voting</vote></recorded-vote>
<recorded-vote><legislator party="R" state="CA" role="legislator">Radanovich</legislator><vote>Yea</vote></recorded-vote>
<recorded-vote><legislator party="D" state="WV" role="legislator">Rahall</legislator><vote>Yea</vote></recorded-vote>
<recorded-vote><legislator party="R" state="MN" role="legislator">Ramstad</legislator><vote>Yea</vote></recorded-vote>
<recorded-vote><legislator party="D" state="NY" role="legislator">Rangel</legislator><vote>Yea</vote></recorded-vote>
<recorded-vote><legislator party="R" state="OH" role="legislator">Regula</legislator><vote>Yea</vote></recorded-vote>
<recorded-vote><legislator party="R" state="MT" role="legislator">Rehberg</legislator><vote>Yea</vote></recorded-vote>
<recorded-vote><legislator party="D" state="TX" role="legislator">Reyes</legislator><vote>Yea</vote></recorded-vote>
<recorded-vote><legislator party="R" state="NY" role="legislator">Reynolds</legislator><vote>Yea</vote></recorded-vote>
<recorded-vote><legislator party="R" state="AL" role="legislator">Riley</legislator><vote>Yea</vote></recorded-vote>
<recorded-vote><legislator party="D" state="MI" role="legislator">Rivers</legislator><vote>Yea</vote></recorded-vote>
<recorded-vote><legislator party="D" state="TX" role="legislator">Rodriguez</legislator><vote>Yea</vote></recorded-vote>
<recorded-vote><legislator party="D" state="IN" role="legislator">Roemer</legislator><vote>Yea</vote></recorded-vote>
<recorded-vote><legislator party="R" state="KY" role="legislator">Rogers (KY)</legislator><vote>Yea</vote></recorded-vote>
<recorded-vote><legislator party="R" state="MI" role="legislator">Rogers (MI)</legislator><vote>Yea</vote></recorded-vote>
<recorded-vote><legislator party="R" state="CA" role="legislator">Rohrabacher</legislator><vote>Yea</vote></recorded-vote>
<recorded-vote><legislator party="R" state="FL" role="legislator">Ros-Lehtinen</legislator><vote>Yea</vote></recorded-vote>
<recorded-vote><legislator party="D" state="AR" role="legislator">Ross</legislator><vote>Yea</vote></recorded-vote>
<recorded-vote><legislator party="D" state="NJ" role="legislator">Rothman</legislator><vote>Yea</vote></recorded-vote>
<recorded-vote><legislator party="R" state="NJ" role="legislator">Roukema</legislator><vote>Yea</vote></recorded-vote>
<recorded-vote><legislator party="D" state="CA" role="legislator">Roybal-Allard</legislator><vote>Yea</vote></recorded-vote>
<recorded-vote><legislator party="R" state="CA" role="legislator">Royce</legislator><vote>Yea</vote></recorded-vote>
<recorded-vote><legislator party="D" state="IL" role="legislator">Rush</legislator><vote>Yea</vote></recorded-vote>
<recorded-vote><legislator party="R" state="WI" role="legislator">Ryan (WI)</legislator><vote>Yea</vote></recorded-vote>
<recorded-vote><legislator party="R" state="KS" role="legislator">Ryun (KS)</legislator><vote>Yea</vote></recorded-vote>
<recorded-vote><legislator party="D" state="MN" role="legislator">Sabo</legislator><vote>Yea</vote></recorded-vote>
<recorded-vote><legislator party="D" state="CA" role="legislator">Sanchez</legislator><vote>Yea</vote></recorded-vote>
<recorded-vote><legislator party="I" state="VT" role="legislator">Sanders</legislator><vote>Yea</vote></recorded-vote>
<recorded-vote><legislator party="D" state="TX" role="legislator">Sandlin</legislator><vote>Yea</vote></recorded-vote>
<recorded-vote><legislator party="D" state="OH" role="legislator">Sawyer</legislator><vote>Yea</vote></recorded-vote>
<recorded-vote><legislator party="R" state="NJ" role="legislator">Saxton</legislator><vote>Yea</vote></recorded-vote>
<recorded-vote><legislator party="R" state="CO" role="legislator">Schaffer</legislator><vote>Yea</vote></recorded-vote>
<recorded-vote><legislator party="D" state="IL" role="legislator">Schakowsky</legislator><vote>Not Voting</vote></recorded-vote>
<recorded-vote><legislator party="D" state="CA" role="legislator">Schiff</legislator><vote>Yea</vote></recorded-vote>
<recorded-vote><legislator party="R" state="VA" role="legislator">Schrock</legislator><vote>Yea</vote></recorded-vote>
<recorded-vote><legislator party="D" state="VA" role="legislator">Scott</legislator><vote>Yea</vote></recorded-vote>
<recorded-vote><legislator party="R" state="WI" role="legislator">Sensenbrenner</legislator><vote>Yea</vote></recorded-vote>
<recorded-vote><legislator party="D" state="NY" role="legislator">Serrano</legislator><vote>Yea</vote></recorded-vote>
<recorded-vote><legislator party="R" state="TX" role="legislator">Sessions</legislator><vote>Yea</vote></recorded-vote>
<recorded-vote><legislator party="R" state="AZ" role="legislator">Shadegg</legislator><vote>Yea</vote></recorded-vote>
<recorded-vote><legislator party="R" state="FL" role="legislator">Shaw</legislator><vote>Yea</vote></recorded-vote>
<recorded-vote><legislator party="R" state="CT" role="legislator">Shays</legislator><vote>Yea</vote></recorded-vote>
<recorded-vote><legislator party="D" state="CA" role="legislator">Sherman</legislator><vote>Yea</vote></recorded-vote>
<recorded-vote><legislator party="R" state="PA" role="legislator">Sherwood</legislator><vote>Yea</vote></recorded-vote>
<recorded-vote><legislator party="R" state="IL" role="legislator">Shimkus</legislator><vote>Yea</vote></recorded-vote>
<recorded-vote><legislator party="D" state="MS" role="legislator">Shows</legislator><vote>Yea</vote></recorded-vote>
<recorded-vote><legislator party="R" state="PA" role="legislator">Shuster</legislator><vote>Yea</vote></recorded-vote>
<recorded-vote><legislator party="R" state="CT" role="legislator">Simmons</legislator><vote>Yea</vote></recorded-vote>
<recorded-vote><legislator party="R" state="ID" role="legislator">Simpson</legislator><vote>Yea</vote></recorded-vote>
<recorded-vote><legislator party="R" state="NM" role="legislator">Skeen</legislator><vote>Yea</vote></recorded-vote>
<recorded-vote><legislator party="D" state="MO" role="legislator">Skelton</legislator><vote>Yea</vote></recorded-vote>
<recorded-vote><legislator party="D" state="NY" role="legislator">Slaughter</legislator><vote>Yea</vote></recorded-vote>
<recorded-vote><legislator party="R" state="MI" role="legislator">Smith (MI)</legislator><vote>Yea</vote></recorded-vote>
<recorded-vote><legislator party="R" state="NJ" role="legislator">Smith (NJ)</legislator><vote>Yea</vote></recorded-vote>
<recorded-vote><legislator party="R" state="TX" role="legislator">Smith (TX)</legislator><vote>Yea</vote></recorded-vote>
<recorded-vote><legislator party="D" state="WA" role="legislator">Smith (WA)</legislator><vote>Yea</vote></recorded-vote>
<recorded-vote><legislator party="D" state="AR" role="legislator">Snyder</legislator><vote>Yea</vote></recorded-vote>
<recorded-vote><legislator party="D" state="CA" role="legislator">Solis</legislator><vote>Yea</vote></recorded-vote>
<recorded-vote><legislator party="R" state="IN" role="legislator">Souder</legislator><vote>Yea</vote></recorded-vote>
<recorded-vote><legislator party="D" state="SC" role="legislator">Spratt</legislator><vote>Yea</vote></recorded-vote>
<recorded-vote><legislator party="D" state="CA" role="legislator">Stark</legislator><vote>Yea</vote></recorded-vote>
<recorded-vote><legislator party="R" state="FL" role="legislator">Stearns</legislator><vote>Yea</vote></recorded-vote>
<recorded-vote><legislator party="D" state="TX" role="legislator">Stenholm</legislator><vote>Yea</vote></recorded-vote>
<recorded-vote><legislator party="D" state="OH" role="legislator">Strickland</legislator><vote>Yea</vote></recorded-vote>
<recorded-vote><legislator party="R" state="AZ" role="legislator">Stump</legislator><vote>Not Voting</vote></recorded-vote>
<recorded-vote><legislator party="D" state="MI" role="legislator">Stupak</legislator><vote>Yea</vote></recorded-vote>
<recorded-vote><legislator party="R" state="NH" role="legislator">Sununu</legislator><vote>Yea</vote></recorded-vote>
<recorded-vote><legislator party="R" state="NY" role="legislator">Sweeney</legislator><vote>Not Voting</vote></recorded-vote>
<recorded-vote><legislator party="R" state="CO" role="legislator">Tancredo</legislator><vote>Yea</vote></recorded-vote>
<recorded-vote><legislator party="D" state="TN" role="legislator">Tanner</legislator><vote>Yea</vote></recorded-vote>
<recorded-vote><legislator party="D" state="CA" role="legislator">Tauscher</legislator><vote>Yea</vote></recorded-vote>
<recorded-vote><legislator party="R" state="LA" role="legislator">Tauzin</legislator><vote>Yea</vote></recorded-vote>
<recorded-vote><legislator party="D" state="MS" role="legislator">Taylor (MS)</legislator><vote>Yea</vote></recorded-vote>
<recorded-vote><legislator party="R" state="NC" role="legislator">Taylor (NC)</legislator><vote>Yea</vote></recorded-vote>
<recorded-vote><legislator party="R" state="NE" role="legislator">Terry</legislator><vote>Yea</vote></recorded-vote>
<recorded-vote><legislator party="R" state="CA" role="legislator">Thomas</legislator><vote>Yea</vote></recorded-vote>
<recorded-vote><legislator party="D" state="CA" role="legislator">Thompson (CA)</legislator><vote>Yea</vote></recorded-vote>
<recorded-vote><legislator party="D" state="MS" role="legislator">Thompson (MS)</legislator><vote>Yea</vote></recorded-vote>
<recorded-vote><legislator party="R" state="TX" role="legislator">Thornberry</legislator><vote>Yea</vote></recorded-vote>
<recorded-vote><legislator party="R" state="SD" role="legislator">Thune</legislator><vote>Yea</vote></recorded-vote>
<recorded-vote><legislator party="D" state="FL" role="legislator">Thurman</legislator><vote>Yea</vote></recorded-vote>
<recorded-vote><legislator party="R" state="KS" role="legislator">Tiahrt</legislator><vote>Yea</vote></recorded-vote>
<recorded-vote><legislator party="R" state="OH" role="legislator">Tiberi</legislator><vote>Yea</vote></recorded-vote>
<recorded-vote><legislator party="D" state="MA" role="legislator">Tierney</legislator><vote>Yea</vote></recorded-vote>
<recorded-vote><legislator party="R" state="PA" role="legislator">Toomey</legislator><vote>Yea</vote></recorded-vote>
<recorded-vote><legislator party="D" state="NY" role="legislator">Towns</legislator><vote>Yea</vote></recorded-vote>
<recorded-vote><legislator party="D" state="OH" role="legislator">Traficant</legislator><vote>Yea</vote></recorded-vote>
<recorded-vote><legislator party="D" state="TX" role="legislator">Turner</legislator><vote>Yea</vote></recorded-vote>
<recorded-vote><legislator party="D" state="CO" role="legislator">Udall (CO)</legislator><vote>Yea</vote></recorded-vote>
<recorded-vote><legislator party="D" state="NM" role="legislator">Udall (NM)</legislator><vote>Yea</vote></recorded-vote>
<recorded-vote><legislator party="R" state="MI" role="legislator">Upton</legislator><vote>Yea</vote></recorded-vote>
<recorded-vote><legislator party="D" state="NY" role="legislator">Velazquez</legislator><vote>Yea</vote></recorded-vote>
<recorded-vote><legislator party="D" state="IN" role="legislator">Visclosky</legislator><vote>Yea</vote></recorded-vote>
<recorded-vote><legislator party="R" state="LA" role="legislator">Vitter</legislator><vote>Yea</vote></recorded-vote>
<recorded-vote><legislator party="R" state="OR" role="legislator">Walden</legislator><vote>Yea</vote></recorded-vote>
<recorded-vote><legislator party="R" state="NY" role="legislator">Walsh</legislator><vote>Yea</vote></recorded-vote>
<recorded-vote><legislator party="R" state="TN" role="legislator">Wamp</legislator><vote>Yea</vote></recorded-vote>
<recorded-vote><legislator party="D" state="CA" role="legislator">Waters</legislator><vote>Nay</vote></recorded-vote>
<recorded-vote><legislator party="R" state="OK" role="legislator">Watkins (OK)</legislator><vote>Yea</vote></recorded-vote>
<recorded-vote><legislator party="D" state="CA" role="legislator">Watson (CA)</legislator><vote>Yea</vote></recorded-vote>
<recorded-vote><legislator party="D" state="NC" role="legislator">Watt (NC)</legislator><vote>Yea</vote></recorded-vote>
<recorded-vote><legislator party="R" state="OK" role="legislator">Watts (OK)</legislator><vote>Yea</vote></recorded-vote>
<recorded-vote><legislator party="D" state="CA" role="legislator">Waxman</legislator><vote>Yea</vote></recorded-vote>
<recorded-vote><legislator party="D" state="NY" role="legislator">Weiner</legislator><vote>Yea</vote></recorded-vote>
<recorded-vote><legislator party="R" state="FL" role="legislator">Weldon (FL)</legislator><vote>Yea</vote></recorded-vote>
<recorded-vote><legislator party="R" state="PA" role="legislator">Weldon (PA)</legislator><vote>Yea</vote></recorded-vote>
<recorded-vote><legislator party="R" state="IL" role="legislator">Weller</legislator><vote>Yea</vote></recorded-vote>
<recorded-vote><legislator party="D" state="FL" role="legislator">Wexler</legislator><vote>Yea</vote></recorded-vote>
<recorded-vote><legislator party="R" state="KY" role="legislator">Whitfield</legislator><vote>Yea</vote></recorded-vote>
<recorded-vote><legislator party="R" state="MS" role="legislator">Wicker</legislator><vote>Yea</vote></recorded-vote>
<recorded-vote><legislator party="R" state="NM" role="legislator">Wilson</legislator><vote>Yea</vote></recorded-vote>
<recorded-vote><legislator party="R" state="VA" role="legislator">Wolf</legislator><vote>Yea</vote></recorded-vote>
<recorded-vote><legislator party="D" state="CA" role="legislator">Woolsey</legislator><vote>Yea</vote></recorded-vote>
<recorded-vote><legislator party="D" state="OR" role="legislator">Wu</legislator><vote>Yea</vote></recorded-vote>
<recorded-vote><legislator party="D" state="MD" role="legislator">Wynn</legislator><vote>Yea</vote></recorded-vote>
<recorded-vote><legislator party="R" state="AK" role="legislator">Young (AK)</legislator><vote>Yea</vote></recorded-vote>
<recorded-vote><legislator party="R" state="FL" role="legislator">Young (FL)</legislator><vote>Yea</vote></recorded-vote>
</vote-data>
</rollcall-vote>
