<?xml version="1.0" encoding="UTF-8"?>
<!DOCTYPE rollcall-vote PUBLIC "-//US Congress//DTDs/vote v1.0 20031119 //EN" "http://clerk.house.gov/evs/vote.dtd">
<?xml-stylesheet type="text/xsl" href="http://clerk.house.gov/evs/vote.xsl"?>
<rollcall-vote>
<vote-metadata>
<majority>D</majority>
<congress>111</congress>
<session>2nd</session>
<chamber>U.S. House of Representatives</chamber>
<rollcall-num>435</rollcall-num>
<legis-num>H R 4438</legis-num>
<vote-question>On Motion to Suspend the Rules and Pass, as Amended</vote-question>
<vote-type>2/3 YEA-AND-NAY</vote-type>
<vote-result>Passed</vote-result>
<action-date>13-Jul-2010</action-date>
<action-time time-etz="18:38">6:38 PM</action-time>
<vote-desc>San Antonio Missions National Historical Park Boundary Expansion Act of 2010</vote-desc>
<vote-totals>
<totals-by-party-header>
<party-header>Party</party-header>
<yea-header>Yeas</yea-header>
<nay-header>Nays</nay-header>
<present-header>Answered “Present”</present-header>
<not-voting-header>Not Voting</not-voting-header>
</totals-by-party-header>
<totals-by-party>
<party>Republican</party>
<yea-total>39</yea-total>
<nay-total>113</nay-total>
<present-total>0</present-total>
<not-voting-total>26</not-voting-total>
</totals-by-party>
<totals-by-party>
<party>Democratic</party>
<yea-total>225</yea-total>
<nay-total>1</nay-total>
<present-total>0</present-total>
<not-voting-total>28</not-voting-total>
</totals-by-party>
<totals-by-party>
<party>Independent</party>
<yea-total>0</yea-total>
<nay-total>0</nay-total>
<present-total>0</present-total>
<not-voting-total>0</not-voting-total>
</totals-by-party>
<totals-by-vote>
<total-stub>Totals</total-stub>
<yea-total>264</yea-total>
<nay-total>114</nay-total>
<present-total>0</present-total>
<not-voting-total>54</not-voting-total>
</totals-by-vote>
</vote-totals>
</vote-metadata>
<vote-data>
<recorded-vote><legislator name-id="A000022" sort-field="Ackerman" unaccented-name="Ackerman" party="D" state="NY" role="legislator">Ackerman</legislator><vote>Yea</vote></recorded-vote>
<recorded-vote><legislator name-id="A000055" sort-field="Aderholt" unaccented-name="Aderholt" party="R" state="AL" role="legislator">Aderholt</legislator><vote>Nay</vote></recorded-vote>
<recorded-vote><legislator name-id="A000364" sort-field="Adler (NJ)" unaccented-name="Adler (NJ)" party="D" state="NJ" role="legislator">Adler (NJ)</legislator><vote>Yea</vote></recorded-vote>
<recorded-vote><legislator name-id="A000358" sort-field="Akin" unaccented-name="Akin" party="R" state="MO" role="legislator">Akin</legislator><vote>Not Voting</vote></recorded-vote>
<recorded-vote><legislator name-id="A000361" sort-field="Alexander" unaccented-name="Alexander" party="R" state="LA" role="legislator">Alexander</legislator><vote>Not Voting</vote></recorded-vote>
<recorded-vote><legislator name-id="A000362" sort-field="Altmire" unaccented-name="Altmire" party="D" state="PA" role="legislator">Altmire</legislator><vote>Yea</vote></recorded-vote>
<recorded-vote><legislator name-id="A000210" sort-field="Andrews" unaccented-name="Andrews" party="D" state="NJ" role="legislator">Andrews</legislator><vote>Yea</vote></recorded-vote>
<recorded-vote><legislator name-id="A000363" sort-field="Arcuri" unaccented-name="Arcuri" party="D" state="NY" role="legislator">Arcuri</legislator><vote>Yea</vote></recorded-vote>
<recorded-vote><legislator name-id="A000365" sort-field="Austria" unaccented-name="Austria" party="R" state="OH" role="legislator">Austria</legislator><vote>Yea</vote></recorded-vote>
<recorded-vote><legislator name-id="B001234" sort-field="Baca" unaccented-name="Baca" party="D" state="CA" role="legislator">Baca</legislator><vote>Yea</vote></recorded-vote>
<recorded-vote><legislator name-id="B001256" sort-field="Bachmann" unaccented-name="Bachmann" party="R" state="MN" role="legislator">Bachmann</legislator><vote>Nay</vote></recorded-vote>
<recorded-vote><legislator name-id="B000013" sort-field="Bachus" unaccented-name="Bachus" party="R" state="AL" role="legislator">Bachus</legislator><vote>Yea</vote></recorded-vote>
<recorded-vote><legislator name-id="B001229" sort-field="Baird" unaccented-name="Baird" party="D" state="WA" role="legislator">Baird</legislator><vote>Yea</vote></recorded-vote>
<recorded-vote><legislator name-id="B001230" sort-field="Baldwin" unaccented-name="Baldwin" party="D" state="WI" role="legislator">Baldwin</legislator><vote>Yea</vote></recorded-vote>
<recorded-vote><legislator name-id="B001239" sort-field="Barrett (SC)" unaccented-name="Barrett (SC)" party="R" state="SC" role="legislator">Barrett (SC)</legislator><vote>Not Voting</vote></recorded-vote>
<recorded-vote><legislator name-id="B001252" sort-field="Barrow" unaccented-name="Barrow" party="D" state="GA" role="legislator">Barrow</legislator><vote>Yea</vote></recorded-vote>
<recorded-vote><legislator name-id="B000208" sort-field="Bartlett" unaccented-name="Bartlett" party="R" state="MD" role="legislator">Bartlett</legislator><vote>Nay</vote></recorded-vote>
<recorded-vote><legislator name-id="B000213" sort-field="Barton (TX)" unaccented-name="Barton (TX)" party="R" state="TX" role="legislator">Barton (TX)</legislator><vote>Yea</vote></recorded-vote>
<recorded-vote><legislator name-id="B001253" sort-field="Bean" unaccented-name="Bean" party="D" state="IL" role="legislator">Bean</legislator><vote>Nay</vote></recorded-vote>
<recorded-vote><legislator name-id="B000287" sort-field="Becerra" unaccented-name="Becerra" party="D" state="CA" role="legislator">Becerra</legislator><vote>Yea</vote></recorded-vote>
<recorded-vote><legislator name-id="B001231" sort-field="Berkley" unaccented-name="Berkley" party="D" state="NV" role="legislator">Berkley</legislator><vote>Yea</vote></recorded-vote>
<recorded-vote><legislator name-id="B000410" sort-field="Berman" unaccented-name="Berman" party="D" state="CA" role="legislator">Berman</legislator><vote>Yea</vote></recorded-vote>
<recorded-vote><legislator name-id="B000420" sort-field="Berry" unaccented-name="Berry" party="D" state="AR" role="legislator">Berry</legislator><vote>Not Voting</vote></recorded-vote>
<recorded-vote><legislator name-id="B001232" sort-field="Biggert" unaccented-name="Biggert" party="R" state="IL" role="legislator">Biggert</legislator><vote>Nay</vote></recorded-vote>
<recorded-vote><legislator name-id="B000461" sort-field="Bilbray" unaccented-name="Bilbray" party="R" state="CA" role="legislator">Bilbray</legislator><vote>Nay</vote></recorded-vote>
<recorded-vote><legislator name-id="B001257" sort-field="Bilirakis" unaccented-name="Bilirakis" party="R" state="FL" role="legislator">Bilirakis</legislator><vote>Nay</vote></recorded-vote>
<recorded-vote><legislator name-id="B000490" sort-field="Bishop (GA)" unaccented-name="Bishop (GA)" party="D" state="GA" role="legislator">Bishop (GA)</legislator><vote>Yea</vote></recorded-vote>
<recorded-vote><legislator name-id="B001242" sort-field="Bishop (NY)" unaccented-name="Bishop (NY)" party="D" state="NY" role="legislator">Bishop (NY)</legislator><vote>Yea</vote></recorded-vote>
<recorded-vote><legislator name-id="B001250" sort-field="Bishop (UT)" unaccented-name="Bishop (UT)" party="R" state="UT" role="legislator">Bishop (UT)</legislator><vote>Nay</vote></recorded-vote>
<recorded-vote><legislator name-id="B001243" sort-field="Blackburn" unaccented-name="Blackburn" party="R" state="TN" role="legislator">Blackburn</legislator><vote>Nay</vote></recorded-vote>
<recorded-vote><legislator name-id="B000574" sort-field="Blumenauer" unaccented-name="Blumenauer" party="D" state="OR" role="legislator">Blumenauer</legislator><vote>Yea</vote></recorded-vote>
<recorded-vote><legislator name-id="B000575" sort-field="Blunt" unaccented-name="Blunt" party="R" state="MO" role="legislator">Blunt</legislator><vote>Not Voting</vote></recorded-vote>
<recorded-vote><legislator name-id="B001263" sort-field="Boccieri" unaccented-name="Boccieri" party="D" state="OH" role="legislator">Boccieri</legislator><vote>Yea</vote></recorded-vote>
<recorded-vote><legislator name-id="B000589" sort-field="Boehner" unaccented-name="Boehner" party="R" state="OH" role="legislator">Boehner</legislator><vote>Nay</vote></recorded-vote>
<recorded-vote><legislator name-id="B001244" sort-field="Bonner" unaccented-name="Bonner" party="R" state="AL" role="legislator">Bonner</legislator><vote>Yea</vote></recorded-vote>
<recorded-vote><legislator name-id="B001228" sort-field="Bono Mack" unaccented-name="Bono Mack" party="R" state="CA" role="legislator">Bono Mack</legislator><vote>Yea</vote></recorded-vote>
<recorded-vote><legislator name-id="B001236" sort-field="Boozman" unaccented-name="Boozman" party="R" state="AR" role="legislator">Boozman</legislator><vote>Nay</vote></recorded-vote>
<recorded-vote><legislator name-id="B001254" sort-field="Boren" unaccented-name="Boren" party="D" state="OK" role="legislator">Boren</legislator><vote>Yea</vote></recorded-vote>
<recorded-vote><legislator name-id="B000652" sort-field="Boswell" unaccented-name="Boswell" party="D" state="IA" role="legislator">Boswell</legislator><vote>Yea</vote></recorded-vote>
<recorded-vote><legislator name-id="B000657" sort-field="Boucher" unaccented-name="Boucher" party="D" state="VA" role="legislator">Boucher</legislator><vote>Not Voting</vote></recorded-vote>
<recorded-vote><legislator name-id="B001255" sort-field="Boustany" unaccented-name="Boustany" party="R" state="LA" role="legislator">Boustany</legislator><vote>Nay</vote></recorded-vote>
<recorded-vote><legislator name-id="B000716" sort-field="Boyd" unaccented-name="Boyd" party="D" state="FL" role="legislator">Boyd</legislator><vote>Yea</vote></recorded-vote>
<recorded-vote><legislator name-id="B001227" sort-field="Brady (PA)" unaccented-name="Brady (PA)" party="D" state="PA" role="legislator">Brady (PA)</legislator><vote>Yea</vote></recorded-vote>
<recorded-vote><legislator name-id="B000755" sort-field="Brady (TX)" unaccented-name="Brady (TX)" party="R" state="TX" role="legislator">Brady (TX)</legislator><vote>Yea</vote></recorded-vote>
<recorded-vote><legislator name-id="B001259" sort-field="Braley (IA)" unaccented-name="Braley (IA)" party="D" state="IA" role="legislator">Braley (IA)</legislator><vote>Yea</vote></recorded-vote>
<recorded-vote><legislator name-id="B001264" sort-field="Bright" unaccented-name="Bright" party="D" state="AL" role="legislator">Bright</legislator><vote>Yea</vote></recorded-vote>
<recorded-vote><legislator name-id="B001262" sort-field="Broun (GA)" unaccented-name="Broun (GA)" party="R" state="GA" role="legislator">Broun (GA)</legislator><vote>Nay</vote></recorded-vote>
<recorded-vote><legislator name-id="B001235" sort-field="Brown (SC)" unaccented-name="Brown (SC)" party="R" state="SC" role="legislator">Brown (SC)</legislator><vote>Nay</vote></recorded-vote>
<recorded-vote><legislator name-id="B000911" sort-field="Brown, Corrine" unaccented-name="Brown, Corrine" party="D" state="FL" role="legislator">Brown, Corrine</legislator><vote>Yea</vote></recorded-vote>
<recorded-vote><legislator name-id="B001247" sort-field="Brown-Waite, Ginny" unaccented-name="Brown-Waite, Ginny" party="R" state="FL" role="legislator">Brown-Waite, Ginny</legislator><vote>Nay</vote></recorded-vote>
<recorded-vote><legislator name-id="B001260" sort-field="Buchanan" unaccented-name="Buchanan" party="R" state="FL" role="legislator">Buchanan</legislator><vote>Yea</vote></recorded-vote>
<recorded-vote><legislator name-id="B001248" sort-field="Burgess" unaccented-name="Burgess" party="R" state="TX" role="legislator">Burgess</legislator><vote>Nay</vote></recorded-vote>
<recorded-vote><legislator name-id="B001149" sort-field="Burton (IN)" unaccented-name="Burton (IN)" party="R" state="IN" role="legislator">Burton (IN)</legislator><vote>Nay</vote></recorded-vote>
<recorded-vote><legislator name-id="B001251" sort-field="Butterfield" unaccented-name="Butterfield" party="D" state="NC" role="legislator">Butterfield</legislator><vote>Yea</vote></recorded-vote>
<recorded-vote><legislator name-id="B001203" sort-field="Buyer" unaccented-name="Buyer" party="R" state="IN" role="legislator">Buyer</legislator><vote>Not Voting</vote></recorded-vote>
<recorded-vote><legislator name-id="C000059" sort-field="Calvert" unaccented-name="Calvert" party="R" state="CA" role="legislator">Calvert</legislator><vote>Nay</vote></recorded-vote>
<recorded-vote><legislator name-id="C000071" sort-field="Camp" unaccented-name="Camp" party="R" state="MI" role="legislator">Camp</legislator><vote>Not Voting</vote></recorded-vote>
<recorded-vote><legislator name-id="C001064" sort-field="Campbell" unaccented-name="Campbell" party="R" state="CA" role="legislator">Campbell</legislator><vote>Nay</vote></recorded-vote>
<recorded-vote><legislator name-id="C001046" sort-field="Cantor" unaccented-name="Cantor" party="R" state="VA" role="legislator">Cantor</legislator><vote>Nay</vote></recorded-vote>
<recorded-vote><legislator name-id="C001079" sort-field="Cao" unaccented-name="Cao" party="R" state="LA" role="legislator">Cao</legislator><vote>Yea</vote></recorded-vote>
<recorded-vote><legislator name-id="C001047" sort-field="Capito" unaccented-name="Capito" party="R" state="WV" role="legislator">Capito</legislator><vote>Yea</vote></recorded-vote>
<recorded-vote><legislator name-id="C001036" sort-field="Capps" unaccented-name="Capps" party="D" state="CA" role="legislator">Capps</legislator><vote>Yea</vote></recorded-vote>
<recorded-vote><legislator name-id="C001037" sort-field="Capuano" unaccented-name="Capuano" party="D" state="MA" role="legislator">Capuano</legislator><vote>Yea</vote></recorded-vote>
<recorded-vote><legislator name-id="C001050" sort-field="Cardoza" unaccented-name="Cardoza" party="D" state="CA" role="legislator">Cardoza</legislator><vote>Yea</vote></recorded-vote>
<recorded-vote><legislator name-id="C001060" sort-field="Carnahan" unaccented-name="Carnahan" party="D" state="MO" role="legislator">Carnahan</legislator><vote>Not Voting</vote></recorded-vote>
<recorded-vote><legislator name-id="C001065" sort-field="Carney" unaccented-name="Carney" party="D" state="PA" role="legislator">Carney</legislator><vote>Not Voting</vote></recorded-vote>
<recorded-vote><legislator name-id="C001072" sort-field="Carson (IN)" unaccented-name="Carson (IN)" party="D" state="IN" role="legislator">Carson (IN)</legislator><vote>Yea</vote></recorded-vote>
<recorded-vote><legislator name-id="C001051" sort-field="Carter" unaccented-name="Carter" party="R" state="TX" role="legislator">Carter</legislator><vote>Yea</vote></recorded-vote>
<recorded-vote><legislator name-id="C001075" sort-field="Cassidy" unaccented-name="Cassidy" party="R" state="LA" role="legislator">Cassidy</legislator><vote>Nay</vote></recorded-vote>
<recorded-vote><legislator name-id="C000243" sort-field="Castle" unaccented-name="Castle" party="R" state="DE" role="legislator">Castle</legislator><vote>Nay</vote></recorded-vote>
<recorded-vote><legislator name-id="C001066" sort-field="Castor (FL)" unaccented-name="Castor (FL)" party="D" state="FL" role="legislator">Castor (FL)</legislator><vote>Yea</vote></recorded-vote>
<recorded-vote><legislator name-id="C001076" sort-field="Chaffetz" unaccented-name="Chaffetz" party="R" state="UT" role="legislator">Chaffetz</legislator><vote>Nay</vote></recorded-vote>
<recorded-vote><legislator name-id="C001058" sort-field="Chandler" unaccented-name="Chandler" party="D" state="KY" role="legislator">Chandler</legislator><vote>Yea</vote></recorded-vote>
<recorded-vote><legislator name-id="C001074" sort-field="Childers" unaccented-name="Childers" party="D" state="MS" role="legislator">Childers</legislator><vote>Yea</vote></recorded-vote>
<recorded-vote><legislator name-id="C001080" sort-field="Chu" unaccented-name="Chu" party="D" state="CA" role="legislator">Chu</legislator><vote>Yea</vote></recorded-vote>
<recorded-vote><legislator name-id="C001067" sort-field="Clarke" unaccented-name="Clarke" party="D" state="NY" role="legislator">Clarke</legislator><vote>Yea</vote></recorded-vote>
<recorded-vote><legislator name-id="C001049" sort-field="Clay" unaccented-name="Clay" party="D" state="MO" role="legislator">Clay</legislator><vote>Yea</vote></recorded-vote>
<recorded-vote><legislator name-id="C001061" sort-field="Cleaver" unaccented-name="Cleaver" party="D" state="MO" role="legislator">Cleaver</legislator><vote>Yea</vote></recorded-vote>
<recorded-vote><legislator name-id="C000537" sort-field="Clyburn" unaccented-name="Clyburn" party="D" state="SC" role="legislator">Clyburn</legislator><vote>Yea</vote></recorded-vote>
<recorded-vote><legislator name-id="C000556" sort-field="Coble" unaccented-name="Coble" party="R" state="NC" role="legislator">Coble</legislator><vote>Nay</vote></recorded-vote>
<recorded-vote><legislator name-id="C001077" sort-field="Coffman (CO)" unaccented-name="Coffman (CO)" party="R" state="CO" role="legislator">Coffman (CO)</legislator><vote>Not Voting</vote></recorded-vote>
<recorded-vote><legislator name-id="C001068" sort-field="Cohen" unaccented-name="Cohen" party="D" state="TN" role="legislator">Cohen</legislator><vote>Not Voting</vote></recorded-vote>
<recorded-vote><legislator name-id="C001053" sort-field="Cole" unaccented-name="Cole" party="R" state="OK" role="legislator">Cole</legislator><vote>Yea</vote></recorded-vote>
<recorded-vote><legislator name-id="C001062" sort-field="Conaway" unaccented-name="Conaway" party="R" state="TX" role="legislator">Conaway</legislator><vote>Nay</vote></recorded-vote>
<recorded-vote><legislator name-id="C001078" sort-field="Connolly (VA)" unaccented-name="Connolly (VA)" party="D" state="VA" role="legislator">Connolly (VA)</legislator><vote>Yea</vote></recorded-vote>
<recorded-vote><legislator name-id="C000714" sort-field="Conyers" unaccented-name="Conyers" party="D" state="MI" role="legislator">Conyers</legislator><vote>Yea</vote></recorded-vote>
<recorded-vote><legislator name-id="C000754" sort-field="Cooper" unaccented-name="Cooper" party="D" state="TN" role="legislator">Cooper</legislator><vote>Yea</vote></recorded-vote>
<recorded-vote><legislator name-id="C001059" sort-field="Costa" unaccented-name="Costa" party="D" state="CA" role="legislator">Costa</legislator><vote>Yea</vote></recorded-vote>
<recorded-vote><legislator name-id="C000794" sort-field="Costello" unaccented-name="Costello" party="D" state="IL" role="legislator">Costello</legislator><vote>Not Voting</vote></recorded-vote>
<recorded-vote><legislator name-id="C001069" sort-field="Courtney" unaccented-name="Courtney" party="D" state="CT" role="legislator">Courtney</legislator><vote>Yea</vote></recorded-vote>
<recorded-vote><legislator name-id="C001045" sort-field="Crenshaw" unaccented-name="Crenshaw" party="R" state="FL" role="legislator">Crenshaw</legislator><vote>Yea</vote></recorded-vote>
<recorded-vote><legislator name-id="C001081" sort-field="Critz" unaccented-name="Critz" party="D" state="PA" role="legislator">Critz</legislator><vote>Yea</vote></recorded-vote>
<recorded-vote><legislator name-id="C001038" sort-field="Crowley" unaccented-name="Crowley" party="D" state="NY" role="legislator">Crowley</legislator><vote>Yea</vote></recorded-vote>
<recorded-vote><legislator name-id="C001063" sort-field="Cuellar" unaccented-name="Cuellar" party="D" state="TX" role="legislator">Cuellar</legislator><vote>Yea</vote></recorded-vote>
<recorded-vote><legislator name-id="C001048" sort-field="Culberson" unaccented-name="Culberson" party="R" state="TX" role="legislator">Culberson</legislator><vote>Nay</vote></recorded-vote>
<recorded-vote><legislator name-id="C000984" sort-field="Cummings" unaccented-name="Cummings" party="D" state="MD" role="legislator">Cummings</legislator><vote>Yea</vote></recorded-vote>
<recorded-vote><legislator name-id="D000608" sort-field="Dahlkemper" unaccented-name="Dahlkemper" party="D" state="PA" role="legislator">Dahlkemper</legislator><vote>Yea</vote></recorded-vote>
<recorded-vote><legislator name-id="D000602" sort-field="Davis (AL)" unaccented-name="Davis (AL)" party="D" state="AL" role="legislator">Davis (AL)</legislator><vote>Not Voting</vote></recorded-vote>
<recorded-vote><legislator name-id="D000598" sort-field="Davis (CA)" unaccented-name="Davis (CA)" party="D" state="CA" role="legislator">Davis (CA)</legislator><vote>Yea</vote></recorded-vote>
<recorded-vote><legislator name-id="D000096" sort-field="Davis (IL)" unaccented-name="Davis (IL)" party="D" state="IL" role="legislator">Davis (IL)</legislator><vote>Not Voting</vote></recorded-vote>
<recorded-vote><legislator name-id="D000603" sort-field="Davis (KY)" unaccented-name="Davis (KY)" party="R" state="KY" role="legislator">Davis (KY)</legislator><vote>Nay</vote></recorded-vote>
<recorded-vote><legislator name-id="D000599" sort-field="Davis (TN)" unaccented-name="Davis (TN)" party="D" state="TN" role="legislator">Davis (TN)</legislator><vote>Yea</vote></recorded-vote>
<recorded-vote><legislator name-id="D000191" sort-field="DeFazio" unaccented-name="DeFazio" party="D" state="OR" role="legislator">DeFazio</legislator><vote>Yea</vote></recorded-vote>
<recorded-vote><legislator name-id="D000197" sort-field="DeGette" unaccented-name="DeGette" party="D" state="CO" role="legislator">DeGette</legislator><vote>Yea</vote></recorded-vote>
<recorded-vote><legislator name-id="D000210" sort-field="Delahunt" unaccented-name="Delahunt" party="D" state="MA" role="legislator">Delahunt</legislator><vote>Yea</vote></recorded-vote>
<recorded-vote><legislator name-id="D000216" sort-field="DeLauro" unaccented-name="DeLauro" party="D" state="CT" role="legislator">DeLauro</legislator><vote>Yea</vote></recorded-vote>
<recorded-vote><legislator name-id="D000604" sort-field="Dent" unaccented-name="Dent" party="R" state="PA" role="legislator">Dent</legislator><vote>Yea</vote></recorded-vote>
<recorded-vote><legislator name-id="D000610" sort-field="Deutch" unaccented-name="Deutch" party="D" state="FL" role="legislator">Deutch</legislator><vote>Not Voting</vote></recorded-vote>
<recorded-vote><legislator name-id="D000299" sort-field="Diaz-Balart, L." unaccented-name="Diaz-Balart, L." party="R" state="FL" role="legislator">Diaz-Balart, L.</legislator><vote>Yea</vote></recorded-vote>
<recorded-vote><legislator name-id="D000600" sort-field="Diaz-Balart, M." unaccented-name="Diaz-Balart, M." party="R" state="FL" role="legislator">Diaz-Balart, M.</legislator><vote>Yea</vote></recorded-vote>
<recorded-vote><legislator name-id="D000327" sort-field="Dicks" unaccented-name="Dicks" party="D" state="WA" role="legislator">Dicks</legislator><vote>Yea</vote></recorded-vote>
<recorded-vote><legislator name-id="D000355" sort-field="Dingell" unaccented-name="Dingell" party="D" state="MI" role="legislator">Dingell</legislator><vote>Yea</vote></recorded-vote>
<recorded-vote><legislator name-id="D000611" sort-field="Djou" unaccented-name="Djou" party="R" state="HI" role="legislator">Djou</legislator><vote>Yea</vote></recorded-vote>
<recorded-vote><legislator name-id="D000399" sort-field="Doggett" unaccented-name="Doggett" party="D" state="TX" role="legislator">Doggett</legislator><vote>Yea</vote></recorded-vote>
<recorded-vote><legislator name-id="D000607" sort-field="Donnelly (IN)" unaccented-name="Donnelly (IN)" party="D" state="IN" role="legislator">Donnelly (IN)</legislator><vote>Yea</vote></recorded-vote>
<recorded-vote><legislator name-id="D000482" sort-field="Doyle" unaccented-name="Doyle" party="D" state="PA" role="legislator">Doyle</legislator><vote>Not Voting</vote></recorded-vote>
<recorded-vote><legislator name-id="D000492" sort-field="Dreier" unaccented-name="Dreier" party="R" state="CA" role="legislator">Dreier</legislator><vote>Nay</vote></recorded-vote>
<recorded-vote><legislator name-id="D000609" sort-field="Driehaus" unaccented-name="Driehaus" party="D" state="OH" role="legislator">Driehaus</legislator><vote>Yea</vote></recorded-vote>
<recorded-vote><legislator name-id="D000533" sort-field="Duncan" unaccented-name="Duncan" party="R" state="TN" role="legislator">Duncan</legislator><vote>Nay</vote></recorded-vote>
<recorded-vote><legislator name-id="E000290" sort-field="Edwards (MD)" unaccented-name="Edwards (MD)" party="D" state="MD" role="legislator">Edwards (MD)</legislator><vote>Yea</vote></recorded-vote>
<recorded-vote><legislator name-id="E000063" sort-field="Edwards (TX)" unaccented-name="Edwards (TX)" party="D" state="TX" role="legislator">Edwards (TX)</legislator><vote>Yea</vote></recorded-vote>
<recorded-vote><legislator name-id="E000092" sort-field="Ehlers" unaccented-name="Ehlers" party="R" state="MI" role="legislator">Ehlers</legislator><vote>Not Voting</vote></recorded-vote>
<recorded-vote><legislator name-id="E000288" sort-field="Ellison" unaccented-name="Ellison" party="D" state="MN" role="legislator">Ellison</legislator><vote>Yea</vote></recorded-vote>
<recorded-vote><legislator name-id="E000289" sort-field="Ellsworth" unaccented-name="Ellsworth" party="D" state="IN" role="legislator">Ellsworth</legislator><vote>Yea</vote></recorded-vote>
<recorded-vote><legislator name-id="E000172" sort-field="Emerson" unaccented-name="Emerson" party="R" state="MO" role="legislator">Emerson</legislator><vote>Nay</vote></recorded-vote>
<recorded-vote><legislator name-id="E000179" sort-field="Engel" unaccented-name="Engel" party="D" state="NY" role="legislator">Engel</legislator><vote>Yea</vote></recorded-vote>
<recorded-vote><legislator name-id="E000215" sort-field="Eshoo" unaccented-name="Eshoo" party="D" state="CA" role="legislator">Eshoo</legislator><vote>Yea</vote></recorded-vote>
<recorded-vote><legislator name-id="E000226" sort-field="Etheridge" unaccented-name="Etheridge" party="D" state="NC" role="legislator">Etheridge</legislator><vote>Yea</vote></recorded-vote>
<recorded-vote><legislator name-id="F000453" sort-field="Fallin" unaccented-name="Fallin" party="R" state="OK" role="legislator">Fallin</legislator><vote>Not Voting</vote></recorded-vote>
<recorded-vote><legislator name-id="F000030" sort-field="Farr" unaccented-name="Farr" party="D" state="CA" role="legislator">Farr</legislator><vote>Yea</vote></recorded-vote>
<recorded-vote><legislator name-id="F000043" sort-field="Fattah" unaccented-name="Fattah" party="D" state="PA" role="legislator">Fattah</legislator><vote>Yea</vote></recorded-vote>
<recorded-vote><legislator name-id="F000116" sort-field="Filner" unaccented-name="Filner" party="D" state="CA" role="legislator">Filner</legislator><vote>Not Voting</vote></recorded-vote>
<recorded-vote><legislator name-id="F000444" sort-field="Flake" unaccented-name="Flake" party="R" state="AZ" role="legislator">Flake</legislator><vote>Nay</vote></recorded-vote>
<recorded-vote><legislator name-id="F000456" sort-field="Fleming" unaccented-name="Fleming" party="R" state="LA" role="legislator">Fleming</legislator><vote>Not Voting</vote></recorded-vote>
<recorded-vote><legislator name-id="F000445" sort-field="Forbes" unaccented-name="Forbes" party="R" state="VA" role="legislator">Forbes</legislator><vote>Nay</vote></recorded-vote>
<recorded-vote><legislator name-id="F000449" sort-field="Fortenberry" unaccented-name="Fortenberry" party="R" state="NE" role="legislator">Fortenberry</legislator><vote>Not Voting</vote></recorded-vote>
<recorded-vote><legislator name-id="F000454" sort-field="Foster" unaccented-name="Foster" party="D" state="IL" role="legislator">Foster</legislator><vote>Yea</vote></recorded-vote>
<recorded-vote><legislator name-id="F000450" sort-field="Foxx" unaccented-name="Foxx" party="R" state="NC" role="legislator">Foxx</legislator><vote>Nay</vote></recorded-vote>
<recorded-vote><legislator name-id="F000339" sort-field="Frank (MA)" unaccented-name="Frank (MA)" party="D" state="MA" role="legislator">Frank (MA)</legislator><vote>Not Voting</vote></recorded-vote>
<recorded-vote><legislator name-id="F000448" sort-field="Franks (AZ)" unaccented-name="Franks (AZ)" party="R" state="AZ" role="legislator">Franks (AZ)</legislator><vote>Nay</vote></recorded-vote>
<recorded-vote><legislator name-id="F000372" sort-field="Frelinghuysen" unaccented-name="Frelinghuysen" party="R" state="NJ" role="legislator">Frelinghuysen</legislator><vote>Nay</vote></recorded-vote>
<recorded-vote><legislator name-id="F000455" sort-field="Fudge" unaccented-name="Fudge" party="D" state="OH" role="legislator">Fudge</legislator><vote>Yea</vote></recorded-vote>
<recorded-vote><legislator name-id="G000021" sort-field="Gallegly" unaccented-name="Gallegly" party="R" state="CA" role="legislator">Gallegly</legislator><vote>Nay</vote></recorded-vote>
<recorded-vote><legislator name-id="G000559" sort-field="Garamendi" unaccented-name="Garamendi" party="D" state="CA" role="legislator">Garamendi</legislator><vote>Yea</vote></recorded-vote>
<recorded-vote><legislator name-id="G000548" sort-field="Garrett (NJ)" unaccented-name="Garrett (NJ)" party="R" state="NJ" role="legislator">Garrett (NJ)</legislator><vote>Nay</vote></recorded-vote>
<recorded-vote><legislator name-id="G000549" sort-field="Gerlach" unaccented-name="Gerlach" party="R" state="PA" role="legislator">Gerlach</legislator><vote>Nay</vote></recorded-vote>
<recorded-vote><legislator name-id="G000554" sort-field="Giffords" unaccented-name="Giffords" party="D" state="AZ" role="legislator">Giffords</legislator><vote>Not Voting</vote></recorded-vote>
<recorded-vote><legislator name-id="G000550" sort-field="Gingrey (GA)" unaccented-name="Gingrey (GA)" party="R" state="GA" role="legislator">Gingrey (GA)</legislator><vote>Nay</vote></recorded-vote>
<recorded-vote><legislator name-id="G000552" sort-field="Gohmert" unaccented-name="Gohmert" party="R" state="TX" role="legislator">Gohmert</legislator><vote>Nay</vote></recorded-vote>
<recorded-vote><legislator name-id="G000544" sort-field="Gonzalez" unaccented-name="Gonzalez" party="D" state="TX" role="legislator">Gonzalez</legislator><vote>Yea</vote></recorded-vote>
<recorded-vote><legislator name-id="G000289" sort-field="Goodlatte" unaccented-name="Goodlatte" party="R" state="VA" role="legislator">Goodlatte</legislator><vote>Nay</vote></recorded-vote>
<recorded-vote><legislator name-id="G000309" sort-field="Gordon (TN)" unaccented-name="Gordon (TN)" party="D" state="TN" role="legislator">Gordon (TN)</legislator><vote>Yea</vote></recorded-vote>
<recorded-vote><legislator name-id="G000377" sort-field="Granger" unaccented-name="Granger" party="R" state="TX" role="legislator">Granger</legislator><vote>Yea</vote></recorded-vote>
<recorded-vote><legislator name-id="G000560" sort-field="Graves (GA)" unaccented-name="Graves (GA)" party="R" state="GA" role="legislator">Graves (GA)</legislator><vote>Nay</vote></recorded-vote>
<recorded-vote><legislator name-id="G000546" sort-field="Graves (MO)" unaccented-name="Graves (MO)" party="R" state="MO" role="legislator">Graves (MO)</legislator><vote>Nay</vote></recorded-vote>
<recorded-vote><legislator name-id="G000556" sort-field="Grayson" unaccented-name="Grayson" party="D" state="FL" role="legislator">Grayson</legislator><vote>Yea</vote></recorded-vote>
<recorded-vote><legislator name-id="G000553" sort-field="Green, Al" unaccented-name="Green, Al" party="D" state="TX" role="legislator">Green, Al</legislator><vote>Yea</vote></recorded-vote>
<recorded-vote><legislator name-id="G000410" sort-field="Green, Gene" unaccented-name="Green, Gene" party="D" state="TX" role="legislator">Green, Gene</legislator><vote>Yea</vote></recorded-vote>
<recorded-vote><legislator name-id="G000557" sort-field="Griffith" unaccented-name="Griffith" party="R" state="AL" role="legislator">Griffith</legislator><vote>Not Voting</vote></recorded-vote>
<recorded-vote><legislator name-id="G000551" sort-field="Grijalva" unaccented-name="Grijalva" party="D" state="AZ" role="legislator">Grijalva</legislator><vote>Yea</vote></recorded-vote>
<recorded-vote><legislator name-id="G000558" sort-field="Guthrie" unaccented-name="Guthrie" party="R" state="KY" role="legislator">Guthrie</legislator><vote>Nay</vote></recorded-vote>
<recorded-vote><legislator name-id="G000535" sort-field="Gutierrez" unaccented-name="Gutierrez" party="D" state="IL" role="legislator">Gutierrez</legislator><vote>Not Voting</vote></recorded-vote>
<recorded-vote><legislator name-id="H001039" sort-field="Hall (NY)" unaccented-name="Hall (NY)" party="D" state="NY" role="legislator">Hall (NY)</legislator><vote>Yea</vote></recorded-vote>
<recorded-vote><legislator name-id="H000067" sort-field="Hall (TX)" unaccented-name="Hall (TX)" party="R" state="TX" role="legislator">Hall (TX)</legislator><vote>Yea</vote></recorded-vote>
<recorded-vote><legislator name-id="H001044" sort-field="Halvorson" unaccented-name="Halvorson" party="D" state="IL" role="legislator">Halvorson</legislator><vote>Yea</vote></recorded-vote>
<recorded-vote><legislator name-id="H001040" sort-field="Hare" unaccented-name="Hare" party="D" state="IL" role="legislator">Hare</legislator><vote>Not Voting</vote></recorded-vote>
<recorded-vote><legislator name-id="H000213" sort-field="Harman" unaccented-name="Harman" party="D" state="CA" role="legislator">Harman</legislator><vote>Yea</vote></recorded-vote>
<recorded-vote><legislator name-id="H001045" sort-field="Harper" unaccented-name="Harper" party="R" state="MS" role="legislator">Harper</legislator><vote>Nay</vote></recorded-vote>
<recorded-vote><legislator name-id="H000324" sort-field="Hastings (FL)" unaccented-name="Hastings (FL)" party="D" state="FL" role="legislator">Hastings (FL)</legislator><vote>Not Voting</vote></recorded-vote>
<recorded-vote><legislator name-id="H000329" sort-field="Hastings (WA)" unaccented-name="Hastings (WA)" party="R" state="WA" role="legislator">Hastings (WA)</legislator><vote>Nay</vote></recorded-vote>
<recorded-vote><legislator name-id="H001046" sort-field="Heinrich" unaccented-name="Heinrich" party="D" state="NM" role="legislator">Heinrich</legislator><vote>Yea</vote></recorded-vote>
<recorded-vote><legislator name-id="H001041" sort-field="Heller" unaccented-name="Heller" party="R" state="NV" role="legislator">Heller</legislator><vote>Nay</vote></recorded-vote>
<recorded-vote><legislator name-id="H001036" sort-field="Hensarling" unaccented-name="Hensarling" party="R" state="TX" role="legislator">Hensarling</legislator><vote>Nay</vote></recorded-vote>
<recorded-vote><legislator name-id="H000528" sort-field="Herger" unaccented-name="Herger" party="R" state="CA" role="legislator">Herger</legislator><vote>Nay</vote></recorded-vote>
<recorded-vote><legislator name-id="H001037" sort-field="Herseth Sandlin" unaccented-name="Herseth Sandlin" party="D" state="SD" role="legislator">Herseth Sandlin</legislator><vote>Yea</vote></recorded-vote>
<recorded-vote><legislator name-id="H001038" sort-field="Higgins" unaccented-name="Higgins" party="D" state="NY" role="legislator">Higgins</legislator><vote>Yea</vote></recorded-vote>
<recorded-vote><legislator name-id="H001030" sort-field="Hill" unaccented-name="Hill" party="D" state="IN" role="legislator">Hill</legislator><vote>Yea</vote></recorded-vote>
<recorded-vote><legislator name-id="H001047" sort-field="Himes" unaccented-name="Himes" party="D" state="CT" role="legislator">Himes</legislator><vote>Yea</vote></recorded-vote>
<recorded-vote><legislator name-id="H000627" sort-field="Hinchey" unaccented-name="Hinchey" party="D" state="NY" role="legislator">Hinchey</legislator><vote>Yea</vote></recorded-vote>
<recorded-vote><legislator name-id="H000636" sort-field="Hinojosa" unaccented-name="Hinojosa" party="D" state="TX" role="legislator">Hinojosa</legislator><vote>Not Voting</vote></recorded-vote>
<recorded-vote><legislator name-id="H001042" sort-field="Hirono" unaccented-name="Hirono" party="D" state="HI" role="legislator">Hirono</legislator><vote>Yea</vote></recorded-vote>
<recorded-vote><legislator name-id="H001043" sort-field="Hodes" unaccented-name="Hodes" party="D" state="NH" role="legislator">Hodes</legislator><vote>Yea</vote></recorded-vote>
<recorded-vote><legislator name-id="H000676" sort-field="Hoekstra" unaccented-name="Hoekstra" party="R" state="MI" role="legislator">Hoekstra</legislator><vote>Not Voting</vote></recorded-vote>
<recorded-vote><legislator name-id="H000712" sort-field="Holden" unaccented-name="Holden" party="D" state="PA" role="legislator">Holden</legislator><vote>Yea</vote></recorded-vote>
<recorded-vote><legislator name-id="H001032" sort-field="Holt" unaccented-name="Holt" party="D" state="NJ" role="legislator">Holt</legislator><vote>Yea</vote></recorded-vote>
<recorded-vote><legislator name-id="H001034" sort-field="Honda" unaccented-name="Honda" party="D" state="CA" role="legislator">Honda</legislator><vote>Yea</vote></recorded-vote>
<recorded-vote><legislator name-id="H000874" sort-field="Hoyer" unaccented-name="Hoyer" party="D" state="MD" role="legislator">Hoyer</legislator><vote>Yea</vote></recorded-vote>
<recorded-vote><legislator name-id="H001048" sort-field="Hunter" unaccented-name="Hunter" party="R" state="CA" role="legislator">Hunter</legislator><vote>Nay</vote></recorded-vote>
<recorded-vote><legislator name-id="I000023" sort-field="Inglis" unaccented-name="Inglis" party="R" state="SC" role="legislator">Inglis</legislator><vote>Nay</vote></recorded-vote>
<recorded-vote><legislator name-id="I000026" sort-field="Inslee" unaccented-name="Inslee" party="D" state="WA" role="legislator">Inslee</legislator><vote>Yea</vote></recorded-vote>
<recorded-vote><legislator name-id="I000057" sort-field="Israel" unaccented-name="Israel" party="D" state="NY" role="legislator">Israel</legislator><vote>Yea</vote></recorded-vote>
<recorded-vote><legislator name-id="I000056" sort-field="Issa" unaccented-name="Issa" party="R" state="CA" role="legislator">Issa</legislator><vote>Nay</vote></recorded-vote>
<recorded-vote><legislator name-id="J000283" sort-field="Jackson (IL)" unaccented-name="Jackson (IL)" party="D" state="IL" role="legislator">Jackson (IL)</legislator><vote>Yea</vote></recorded-vote>
<recorded-vote><legislator name-id="J000032" sort-field="Jackson Lee (TX)" unaccented-name="Jackson Lee (TX)" party="D" state="TX" role="legislator">Jackson Lee (TX)</legislator><vote>Yea</vote></recorded-vote>
<recorded-vote><legislator name-id="J000290" sort-field="Jenkins" unaccented-name="Jenkins" party="R" state="KS" role="legislator">Jenkins</legislator><vote>Nay</vote></recorded-vote>
<recorded-vote><legislator name-id="J000288" sort-field="Johnson (GA)" unaccented-name="Johnson (GA)" party="D" state="GA" role="legislator">Johnson (GA)</legislator><vote>Yea</vote></recorded-vote>
<recorded-vote><legislator name-id="J000285" sort-field="Johnson (IL)" unaccented-name="Johnson (IL)" party="R" state="IL" role="legislator">Johnson (IL)</legislator><vote>Yea</vote></recorded-vote>
<recorded-vote><legislator name-id="J000126" sort-field="Johnson, E. B." unaccented-name="Johnson, E. B." party="D" state="TX" role="legislator">Johnson, E. B.</legislator><vote>Not Voting</vote></recorded-vote>
<recorded-vote><legislator name-id="J000174" sort-field="Johnson, Sam" unaccented-name="Johnson, Sam" party="R" state="TX" role="legislator">Johnson, Sam</legislator><vote>Nay</vote></recorded-vote>
<recorded-vote><legislator name-id="J000255" sort-field="Jones" unaccented-name="Jones" party="R" state="NC" role="legislator">Jones</legislator><vote>Yea</vote></recorded-vote>
<recorded-vote><legislator name-id="J000289" sort-field="Jordan (OH)" unaccented-name="Jordan (OH)" party="R" state="OH" role="legislator">Jordan (OH)</legislator><vote>Nay</vote></recorded-vote>
<recorded-vote><legislator name-id="K000365" sort-field="Kagen" unaccented-name="Kagen" party="D" state="WI" role="legislator">Kagen</legislator><vote>Not Voting</vote></recorded-vote>
<recorded-vote><legislator name-id="K000008" sort-field="Kanjorski" unaccented-name="Kanjorski" party="D" state="PA" role="legislator">Kanjorski</legislator><vote>Yea</vote></recorded-vote>
<recorded-vote><legislator name-id="K000009" sort-field="Kaptur" unaccented-name="Kaptur" party="D" state="OH" role="legislator">Kaptur</legislator><vote>Not Voting</vote></recorded-vote>
<recorded-vote><legislator name-id="K000113" sort-field="Kennedy" unaccented-name="Kennedy" party="D" state="RI" role="legislator">Kennedy</legislator><vote>Yea</vote></recorded-vote>
<recorded-vote><legislator name-id="K000172" sort-field="Kildee" unaccented-name="Kildee" party="D" state="MI" role="legislator">Kildee</legislator><vote>Yea</vote></recorded-vote>
<recorded-vote><legislator name-id="K000180" sort-field="Kilpatrick (MI)" unaccented-name="Kilpatrick (MI)" party="D" state="MI" role="legislator">Kilpatrick (MI)</legislator><vote>Yea</vote></recorded-vote>
<recorded-vote><legislator name-id="K000372" sort-field="Kilroy" unaccented-name="Kilroy" party="D" state="OH" role="legislator">Kilroy</legislator><vote>Yea</vote></recorded-vote>
<recorded-vote><legislator name-id="K000188" sort-field="Kind" unaccented-name="Kind" party="D" state="WI" role="legislator">Kind</legislator><vote>Yea</vote></recorded-vote>
<recorded-vote><legislator name-id="K000362" sort-field="King (IA)" unaccented-name="King (IA)" party="R" state="IA" role="legislator">King (IA)</legislator><vote>Nay</vote></recorded-vote>
<recorded-vote><legislator name-id="K000210" sort-field="King (NY)" unaccented-name="King (NY)" party="R" state="NY" role="legislator">King (NY)</legislator><vote>Nay</vote></recorded-vote>
<recorded-vote><legislator name-id="K000220" sort-field="Kingston" unaccented-name="Kingston" party="R" state="GA" role="legislator">Kingston</legislator><vote>Nay</vote></recorded-vote>
<recorded-vote><legislator name-id="K000360" sort-field="Kirk" unaccented-name="Kirk" party="R" state="IL" role="legislator">Kirk</legislator><vote>Yea</vote></recorded-vote>
<recorded-vote><legislator name-id="K000368" sort-field="Kirkpatrick (AZ)" unaccented-name="Kirkpatrick (AZ)" party="D" state="AZ" role="legislator">Kirkpatrick (AZ)</legislator><vote>Yea</vote></recorded-vote>
<recorded-vote><legislator name-id="K000369" sort-field="Kissell" unaccented-name="Kissell" party="D" state="NC" role="legislator">Kissell</legislator><vote>Yea</vote></recorded-vote>
<recorded-vote><legislator name-id="K000366" sort-field="Klein (FL)" unaccented-name="Klein (FL)" party="D" state="FL" role="legislator">Klein (FL)</legislator><vote>Yea</vote></recorded-vote>
<recorded-vote><legislator name-id="K000363" sort-field="Kline (MN)" unaccented-name="Kline (MN)" party="R" state="MN" role="legislator">Kline (MN)</legislator><vote>Nay</vote></recorded-vote>
<recorded-vote><legislator name-id="K000370" sort-field="Kosmas" unaccented-name="Kosmas" party="D" state="FL" role="legislator">Kosmas</legislator><vote>Yea</vote></recorded-vote>
<recorded-vote><legislator name-id="K000371" sort-field="Kratovil" unaccented-name="Kratovil" party="D" state="MD" role="legislator">Kratovil</legislator><vote>Yea</vote></recorded-vote>
<recorded-vote><legislator name-id="K000336" sort-field="Kucinich" unaccented-name="Kucinich" party="D" state="OH" role="legislator">Kucinich</legislator><vote>Yea</vote></recorded-vote>
<recorded-vote><legislator name-id="L000564" sort-field="Lamborn" unaccented-name="Lamborn" party="R" state="CO" role="legislator">Lamborn</legislator><vote>Nay</vote></recorded-vote>
<recorded-vote><legislator name-id="L000567" sort-field="Lance" unaccented-name="Lance" party="R" state="NJ" role="legislator">Lance</legislator><vote>Yea</vote></recorded-vote>
<recorded-vote><legislator name-id="L000559" sort-field="Langevin" unaccented-name="Langevin" party="D" state="RI" role="legislator">Langevin</legislator><vote>Yea</vote></recorded-vote>
<recorded-vote><legislator name-id="L000560" sort-field="Larsen (WA)" unaccented-name="Larsen (WA)" party="D" state="WA" role="legislator">Larsen (WA)</legislator><vote>Yea</vote></recorded-vote>
<recorded-vote><legislator name-id="L000557" sort-field="Larson (CT)" unaccented-name="Larson (CT)" party="D" state="CT" role="legislator">Larson (CT)</legislator><vote>Yea</vote></recorded-vote>
<recorded-vote><legislator name-id="L000111" sort-field="Latham" unaccented-name="Latham" party="R" state="IA" role="legislator">Latham</legislator><vote>Yea</vote></recorded-vote>
<recorded-vote><legislator name-id="L000553" sort-field="LaTourette" unaccented-name="LaTourette" party="R" state="OH" role="legislator">LaTourette</legislator><vote>Yea</vote></recorded-vote>
<recorded-vote><legislator name-id="L000566" sort-field="Latta" unaccented-name="Latta" party="R" state="OH" role="legislator">Latta</legislator><vote>Nay</vote></recorded-vote>
<recorded-vote><legislator name-id="L000551" sort-field="Lee (CA)" unaccented-name="Lee (CA)" party="D" state="CA" role="legislator">Lee (CA)</legislator><vote>Not Voting</vote></recorded-vote>
<recorded-vote><legislator name-id="L000568" sort-field="Lee (NY)" unaccented-name="Lee (NY)" party="R" state="NY" role="legislator">Lee (NY)</legislator><vote>Nay</vote></recorded-vote>
<recorded-vote><legislator name-id="L000263" sort-field="Levin" unaccented-name="Levin" party="D" state="MI" role="legislator">Levin</legislator><vote>Yea</vote></recorded-vote>
<recorded-vote><legislator name-id="L000274" sort-field="Lewis (CA)" unaccented-name="Lewis (CA)" party="R" state="CA" role="legislator">Lewis (CA)</legislator><vote>Nay</vote></recorded-vote>
<recorded-vote><legislator name-id="L000287" sort-field="Lewis (GA)" unaccented-name="Lewis (GA)" party="D" state="GA" role="legislator">Lewis (GA)</legislator><vote>Yea</vote></recorded-vote>
<recorded-vote><legislator name-id="L000321" sort-field="Linder" unaccented-name="Linder" party="R" state="GA" role="legislator">Linder</legislator><vote>Not Voting</vote></recorded-vote>
<recorded-vote><legislator name-id="L000563" sort-field="Lipinski" unaccented-name="Lipinski" party="D" state="IL" role="legislator">Lipinski</legislator><vote>Yea</vote></recorded-vote>
<recorded-vote><legislator name-id="L000554" sort-field="LoBiondo" unaccented-name="LoBiondo" party="R" state="NJ" role="legislator">LoBiondo</legislator><vote>Nay</vote></recorded-vote>
<recorded-vote><legislator name-id="L000565" sort-field="Loebsack" unaccented-name="Loebsack" party="D" state="IA" role="legislator">Loebsack</legislator><vote>Yea</vote></recorded-vote>
<recorded-vote><legislator name-id="L000397" sort-field="Lofgren, Zoe" unaccented-name="Lofgren, Zoe" party="D" state="CA" role="legislator">Lofgren, Zoe</legislator><vote>Yea</vote></recorded-vote>
<recorded-vote><legislator name-id="L000480" sort-field="Lowey" unaccented-name="Lowey" party="D" state="NY" role="legislator">Lowey</legislator><vote>Yea</vote></recorded-vote>
<recorded-vote><legislator name-id="L000491" sort-field="Lucas" unaccented-name="Lucas" party="R" state="OK" role="legislator">Lucas</legislator><vote>Yea</vote></recorded-vote>
<recorded-vote><legislator name-id="L000569" sort-field="Luetkemeyer" unaccented-name="Luetkemeyer" party="R" state="MO" role="legislator">Luetkemeyer</legislator><vote>Not Voting</vote></recorded-vote>
<recorded-vote><legislator name-id="L000570" sort-field="Lujan" unaccented-name="Lujan" party="D" state="NM" role="legislator">Luján</legislator><vote>Yea</vote></recorded-vote>
<recorded-vote><legislator name-id="L000571" sort-field="Lummis" unaccented-name="Lummis" party="R" state="WY" role="legislator">Lummis</legislator><vote>Nay</vote></recorded-vote>
<recorded-vote><legislator name-id="L000517" sort-field="Lungren, Daniel E." unaccented-name="Lungren, Daniel E." party="R" state="CA" role="legislator">Lungren, Daniel E.</legislator><vote>Nay</vote></recorded-vote>
<recorded-vote><legislator name-id="L000562" sort-field="Lynch" unaccented-name="Lynch" party="D" state="MA" role="legislator">Lynch</legislator><vote>Yea</vote></recorded-vote>
<recorded-vote><legislator name-id="M001155" sort-field="Mack" unaccented-name="Mack" party="R" state="FL" role="legislator">Mack</legislator><vote>Nay</vote></recorded-vote>
<recorded-vote><legislator name-id="M001171" sort-field="Maffei" unaccented-name="Maffei" party="D" state="NY" role="legislator">Maffei</legislator><vote>Not Voting</vote></recorded-vote>
<recorded-vote><legislator name-id="M000087" sort-field="Maloney" unaccented-name="Maloney" party="D" state="NY" role="legislator">Maloney</legislator><vote>Yea</vote></recorded-vote>
<recorded-vote><legislator name-id="M001138" sort-field="Manzullo" unaccented-name="Manzullo" party="R" state="IL" role="legislator">Manzullo</legislator><vote>Nay</vote></recorded-vote>
<recorded-vote><legislator name-id="M001158" sort-field="Marchant" unaccented-name="Marchant" party="R" state="TX" role="legislator">Marchant</legislator><vote>Nay</vote></recorded-vote>
<recorded-vote><legislator name-id="M001172" sort-field="Markey (CO)" unaccented-name="Markey (CO)" party="D" state="CO" role="legislator">Markey (CO)</legislator><vote>Yea</vote></recorded-vote>
<recorded-vote><legislator name-id="M000133" sort-field="Markey (MA)" unaccented-name="Markey (MA)" party="D" state="MA" role="legislator">Markey (MA)</legislator><vote>Yea</vote></recorded-vote>
<recorded-vote><legislator name-id="M001146" sort-field="Marshall" unaccented-name="Marshall" party="D" state="GA" role="legislator">Marshall</legislator><vote>Yea</vote></recorded-vote>
<recorded-vote><legislator name-id="M001142" sort-field="Matheson" unaccented-name="Matheson" party="D" state="UT" role="legislator">Matheson</legislator><vote>Yea</vote></recorded-vote>
<recorded-vote><legislator name-id="M001163" sort-field="Matsui" unaccented-name="Matsui" party="D" state="CA" role="legislator">Matsui</legislator><vote>Yea</vote></recorded-vote>
<recorded-vote><legislator name-id="M001165" sort-field="McCarthy (CA)" unaccented-name="McCarthy (CA)" party="R" state="CA" role="legislator">McCarthy (CA)</legislator><vote>Nay</vote></recorded-vote>
<recorded-vote><legislator name-id="M000309" sort-field="McCarthy (NY)" unaccented-name="McCarthy (NY)" party="D" state="NY" role="legislator">McCarthy (NY)</legislator><vote>Yea</vote></recorded-vote>
<recorded-vote><legislator name-id="M001157" sort-field="McCaul" unaccented-name="McCaul" party="R" state="TX" role="legislator">McCaul</legislator><vote>Yea</vote></recorded-vote>
<recorded-vote><legislator name-id="M001177" sort-field="McClintock" unaccented-name="McClintock" party="R" state="CA" role="legislator">McClintock</legislator><vote>Nay</vote></recorded-vote>
<recorded-vote><legislator name-id="M001143" sort-field="McCollum" unaccented-name="McCollum" party="D" state="MN" role="legislator">McCollum</legislator><vote>Yea</vote></recorded-vote>
<recorded-vote><legislator name-id="M001147" sort-field="McCotter" unaccented-name="McCotter" party="R" state="MI" role="legislator">McCotter</legislator><vote>Nay</vote></recorded-vote>
<recorded-vote><legislator name-id="M000404" sort-field="McDermott" unaccented-name="McDermott" party="D" state="WA" role="legislator">McDermott</legislator><vote>Yea</vote></recorded-vote>
<recorded-vote><legislator name-id="M000312" sort-field="McGovern" unaccented-name="McGovern" party="D" state="MA" role="legislator">McGovern</legislator><vote>Yea</vote></recorded-vote>
<recorded-vote><legislator name-id="M001156" sort-field="McHenry" unaccented-name="McHenry" party="R" state="NC" role="legislator">McHenry</legislator><vote>Nay</vote></recorded-vote>
<recorded-vote><legislator name-id="M000485" sort-field="McIntyre" unaccented-name="McIntyre" party="D" state="NC" role="legislator">McIntyre</legislator><vote>Yea</vote></recorded-vote>
<recorded-vote><legislator name-id="M000508" sort-field="McKeon" unaccented-name="McKeon" party="R" state="CA" role="legislator">McKeon</legislator><vote>Nay</vote></recorded-vote>
<recorded-vote><legislator name-id="M001174" sort-field="McMahon" unaccented-name="McMahon" party="D" state="NY" role="legislator">McMahon</legislator><vote>Yea</vote></recorded-vote>
<recorded-vote><legislator name-id="M001159" sort-field="McMorris Rodgers" unaccented-name="McMorris Rodgers" party="R" state="WA" role="legislator">McMorris Rodgers</legislator><vote>Nay</vote></recorded-vote>
<recorded-vote><legislator name-id="M001166" sort-field="McNerney" unaccented-name="McNerney" party="D" state="CA" role="legislator">McNerney</legislator><vote>Yea</vote></recorded-vote>
<recorded-vote><legislator name-id="M001148" sort-field="Meek (FL)" unaccented-name="Meek (FL)" party="D" state="FL" role="legislator">Meek (FL)</legislator><vote>Yea</vote></recorded-vote>
<recorded-vote><legislator name-id="M001137" sort-field="Meeks (NY)" unaccented-name="Meeks (NY)" party="D" state="NY" role="legislator">Meeks (NY)</legislator><vote>Yea</vote></recorded-vote>
<recorded-vote><legislator name-id="M001161" sort-field="Melancon" unaccented-name="Melancon" party="D" state="LA" role="legislator">Melancon</legislator><vote>Yea</vote></recorded-vote>
<recorded-vote><legislator name-id="M000689" sort-field="Mica" unaccented-name="Mica" party="R" state="FL" role="legislator">Mica</legislator><vote>Nay</vote></recorded-vote>
<recorded-vote><legislator name-id="M001149" sort-field="Michaud" unaccented-name="Michaud" party="D" state="ME" role="legislator">Michaud</legislator><vote>Yea</vote></recorded-vote>
<recorded-vote><legislator name-id="M001144" sort-field="Miller (FL)" unaccented-name="Miller (FL)" party="R" state="FL" role="legislator">Miller (FL)</legislator><vote>Not Voting</vote></recorded-vote>
<recorded-vote><legislator name-id="M001150" sort-field="Miller (MI)" unaccented-name="Miller (MI)" party="R" state="MI" role="legislator">Miller (MI)</legislator><vote>Nay</vote></recorded-vote>
<recorded-vote><legislator name-id="M001154" sort-field="Miller (NC)" unaccented-name="Miller (NC)" party="D" state="NC" role="legislator">Miller (NC)</legislator><vote>Yea</vote></recorded-vote>
<recorded-vote><legislator name-id="M001139" sort-field="Miller, Gary" unaccented-name="Miller, Gary" party="R" state="CA" role="legislator">Miller, Gary</legislator><vote>Nay</vote></recorded-vote>
<recorded-vote><legislator name-id="M000725" sort-field="Miller, George" unaccented-name="Miller, George" party="D" state="CA" role="legislator">Miller, George</legislator><vote>Yea</vote></recorded-vote>
<recorded-vote><legislator name-id="M001175" sort-field="Minnick" unaccented-name="Minnick" party="D" state="ID" role="legislator">Minnick</legislator><vote>Yea</vote></recorded-vote>
<recorded-vote><legislator name-id="M001167" sort-field="Mitchell" unaccented-name="Mitchell" party="D" state="AZ" role="legislator">Mitchell</legislator><vote>Yea</vote></recorded-vote>
<recorded-vote><legislator name-id="M000844" sort-field="Mollohan" unaccented-name="Mollohan" party="D" state="WV" role="legislator">Mollohan</legislator><vote>Yea</vote></recorded-vote>
<recorded-vote><legislator name-id="M001140" sort-field="Moore (KS)" unaccented-name="Moore (KS)" party="D" state="KS" role="legislator">Moore (KS)</legislator><vote>Yea</vote></recorded-vote>
<recorded-vote><legislator name-id="M001160" sort-field="Moore (WI)" unaccented-name="Moore (WI)" party="D" state="WI" role="legislator">Moore (WI)</legislator><vote>Yea</vote></recorded-vote>
<recorded-vote><legislator name-id="M000934" sort-field="Moran (KS)" unaccented-name="Moran (KS)" party="R" state="KS" role="legislator">Moran (KS)</legislator><vote>Not Voting</vote></recorded-vote>
<recorded-vote><legislator name-id="M000933" sort-field="Moran (VA)" unaccented-name="Moran (VA)" party="D" state="VA" role="legislator">Moran (VA)</legislator><vote>Yea</vote></recorded-vote>
<recorded-vote><legislator name-id="M001169" sort-field="Murphy (CT)" unaccented-name="Murphy (CT)" party="D" state="CT" role="legislator">Murphy (CT)</legislator><vote>Yea</vote></recorded-vote>
<recorded-vote><legislator name-id="M001178" sort-field="Murphy (NY)" unaccented-name="Murphy (NY)" party="D" state="NY" role="legislator">Murphy (NY)</legislator><vote>Yea</vote></recorded-vote>
<recorded-vote><legislator name-id="M001168" sort-field="Murphy, Patrick" unaccented-name="Murphy, Patrick" party="D" state="PA" role="legislator">Murphy, Patrick</legislator><vote>Yea</vote></recorded-vote>
<recorded-vote><legislator name-id="M001151" sort-field="Murphy, Tim" unaccented-name="Murphy, Tim" party="R" state="PA" role="legislator">Murphy, Tim</legislator><vote>Nay</vote></recorded-vote>
<recorded-vote><legislator name-id="M001134" sort-field="Myrick" unaccented-name="Myrick" party="R" state="NC" role="legislator">Myrick</legislator><vote>Nay</vote></recorded-vote>
<recorded-vote><legislator name-id="N000002" sort-field="Nadler (NY)" unaccented-name="Nadler (NY)" party="D" state="NY" role="legislator">Nadler (NY)</legislator><vote>Yea</vote></recorded-vote>
<recorded-vote><legislator name-id="N000179" sort-field="Napolitano" unaccented-name="Napolitano" party="D" state="CA" role="legislator">Napolitano</legislator><vote>Yea</vote></recorded-vote>
<recorded-vote><legislator name-id="N000015" sort-field="Neal (MA)" unaccented-name="Neal (MA)" party="D" state="MA" role="legislator">Neal (MA)</legislator><vote>Yea</vote></recorded-vote>
<recorded-vote><legislator name-id="N000182" sort-field="Neugebauer" unaccented-name="Neugebauer" party="R" state="TX" role="legislator">Neugebauer</legislator><vote>Nay</vote></recorded-vote>
<recorded-vote><legislator name-id="N000181" sort-field="Nunes" unaccented-name="Nunes" party="R" state="CA" role="legislator">Nunes</legislator><vote>Nay</vote></recorded-vote>
<recorded-vote><legislator name-id="N000183" sort-field="Nye" unaccented-name="Nye" party="D" state="VA" role="legislator">Nye</legislator><vote>Yea</vote></recorded-vote>
<recorded-vote><legislator name-id="O000006" sort-field="Oberstar" unaccented-name="Oberstar" party="D" state="MN" role="legislator">Oberstar</legislator><vote>Yea</vote></recorded-vote>
<recorded-vote><legislator name-id="O000007" sort-field="Obey" unaccented-name="Obey" party="D" state="WI" role="legislator">Obey</legislator><vote>Yea</vote></recorded-vote>
<recorded-vote><legislator name-id="O000168" sort-field="Olson" unaccented-name="Olson" party="R" state="TX" role="legislator">Olson</legislator><vote>Not Voting</vote></recorded-vote>
<recorded-vote><legislator name-id="O000085" sort-field="Olver" unaccented-name="Olver" party="D" state="MA" role="legislator">Olver</legislator><vote>Yea</vote></recorded-vote>
<recorded-vote><legislator name-id="O000107" sort-field="Ortiz" unaccented-name="Ortiz" party="D" state="TX" role="legislator">Ortiz</legislator><vote>Yea</vote></recorded-vote>
<recorded-vote><legislator name-id="O000169" sort-field="Owens" unaccented-name="Owens" party="D" state="NY" role="legislator">Owens</legislator><vote>Yea</vote></recorded-vote>
<recorded-vote><legislator name-id="P000034" sort-field="Pallone" unaccented-name="Pallone" party="D" state="NJ" role="legislator">Pallone</legislator><vote>Yea</vote></recorded-vote>
<recorded-vote><legislator name-id="P000096" sort-field="Pascrell" unaccented-name="Pascrell" party="D" state="NJ" role="legislator">Pascrell</legislator><vote>Yea</vote></recorded-vote>
<recorded-vote><legislator name-id="P000099" sort-field="Pastor (AZ)" unaccented-name="Pastor (AZ)" party="D" state="AZ" role="legislator">Pastor (AZ)</legislator><vote>Yea</vote></recorded-vote>
<recorded-vote><legislator name-id="P000583" sort-field="Paul" unaccented-name="Paul" party="R" state="TX" role="legislator">Paul</legislator><vote>Nay</vote></recorded-vote>
<recorded-vote><legislator name-id="P000594" sort-field="Paulsen" unaccented-name="Paulsen" party="R" state="MN" role="legislator">Paulsen</legislator><vote>Yea</vote></recorded-vote>
<recorded-vote><legislator name-id="P000149" sort-field="Payne" unaccented-name="Payne" party="D" state="NJ" role="legislator">Payne</legislator><vote>Yea</vote></recorded-vote>
<recorded-vote><legislator name-id="P000587" sort-field="Pence" unaccented-name="Pence" party="R" state="IN" role="legislator">Pence</legislator><vote>Nay</vote></recorded-vote>
<recorded-vote><legislator name-id="P000593" sort-field="Perlmutter" unaccented-name="Perlmutter" party="D" state="CO" role="legislator">Perlmutter</legislator><vote>Not Voting</vote></recorded-vote>
<recorded-vote><legislator name-id="P000600" sort-field="Perriello" unaccented-name="Perriello" party="D" state="VA" role="legislator">Perriello</legislator><vote>Yea</vote></recorded-vote>
<recorded-vote><legislator name-id="P000595" sort-field="Peters" unaccented-name="Peters" party="D" state="MI" role="legislator">Peters</legislator><vote>Yea</vote></recorded-vote>
<recorded-vote><legislator name-id="P000258" sort-field="Peterson" unaccented-name="Peterson" party="D" state="MN" role="legislator">Peterson</legislator><vote>Yea</vote></recorded-vote>
<recorded-vote><legislator name-id="P000265" sort-field="Petri" unaccented-name="Petri" party="R" state="WI" role="legislator">Petri</legislator><vote>Nay</vote></recorded-vote>
<recorded-vote><legislator name-id="P000597" sort-field="Pingree (ME)" unaccented-name="Pingree (ME)" party="D" state="ME" role="legislator">Pingree (ME)</legislator><vote>Yea</vote></recorded-vote>
<recorded-vote><legislator name-id="P000373" sort-field="Pitts" unaccented-name="Pitts" party="R" state="PA" role="legislator">Pitts</legislator><vote>Nay</vote></recorded-vote>
<recorded-vote><legislator name-id="P000585" sort-field="Platts" unaccented-name="Platts" party="R" state="PA" role="legislator">Platts</legislator><vote>Nay</vote></recorded-vote>
<recorded-vote><legislator name-id="P000592" sort-field="Poe (TX)" unaccented-name="Poe (TX)" party="R" state="TX" role="legislator">Poe (TX)</legislator><vote>Yea</vote></recorded-vote>
<recorded-vote><legislator name-id="P000598" sort-field="Polis (CO)" unaccented-name="Polis (CO)" party="D" state="CO" role="legislator">Polis (CO)</legislator><vote>Yea</vote></recorded-vote>
<recorded-vote><legislator name-id="P000422" sort-field="Pomeroy" unaccented-name="Pomeroy" party="D" state="ND" role="legislator">Pomeroy</legislator><vote>Yea</vote></recorded-vote>
<recorded-vote><legislator name-id="P000599" sort-field="Posey" unaccented-name="Posey" party="R" state="FL" role="legislator">Posey</legislator><vote>Nay</vote></recorded-vote>
<recorded-vote><legislator name-id="P000591" sort-field="Price (GA)" unaccented-name="Price (GA)" party="R" state="GA" role="legislator">Price (GA)</legislator><vote>Nay</vote></recorded-vote>
<recorded-vote><legislator name-id="P000523" sort-field="Price (NC)" unaccented-name="Price (NC)" party="D" state="NC" role="legislator">Price (NC)</legislator><vote>Yea</vote></recorded-vote>
<recorded-vote><legislator name-id="P000586" sort-field="Putnam" unaccented-name="Putnam" party="R" state="FL" role="legislator">Putnam</legislator><vote>Not Voting</vote></recorded-vote>
<recorded-vote><legislator name-id="Q000023" sort-field="Quigley" unaccented-name="Quigley" party="D" state="IL" role="legislator">Quigley</legislator><vote>Yea</vote></recorded-vote>
<recorded-vote><legislator name-id="R000004" sort-field="Radanovich" unaccented-name="Radanovich" party="R" state="CA" role="legislator">Radanovich</legislator><vote>Yea</vote></recorded-vote>
<recorded-vote><legislator name-id="R000011" sort-field="Rahall" unaccented-name="Rahall" party="D" state="WV" role="legislator">Rahall</legislator><vote>Yea</vote></recorded-vote>
<recorded-vote><legislator name-id="R000053" sort-field="Rangel" unaccented-name="Rangel" party="D" state="NY" role="legislator">Rangel</legislator><vote>Yea</vote></recorded-vote>
<recorded-vote><legislator name-id="R000571" sort-field="Rehberg" unaccented-name="Rehberg" party="R" state="MT" role="legislator">Rehberg</legislator><vote>Not Voting</vote></recorded-vote>
<recorded-vote><legislator name-id="R000578" sort-field="Reichert" unaccented-name="Reichert" party="R" state="WA" role="legislator">Reichert</legislator><vote>Yea</vote></recorded-vote>
<recorded-vote><legislator name-id="R000170" sort-field="Reyes" unaccented-name="Reyes" party="D" state="TX" role="legislator">Reyes</legislator><vote>Yea</vote></recorded-vote>
<recorded-vote><legislator name-id="R000581" sort-field="Richardson" unaccented-name="Richardson" party="D" state="CA" role="legislator">Richardson</legislator><vote>Not Voting</vote></recorded-vote>
<recorded-vote><legislator name-id="R000568" sort-field="Rodriguez" unaccented-name="Rodriguez" party="D" state="TX" role="legislator">Rodriguez</legislator><vote>Yea</vote></recorded-vote>
<recorded-vote><legislator name-id="R000582" sort-field="Roe (TN)" unaccented-name="Roe (TN)" party="R" state="TN" role="legislator">Roe (TN)</legislator><vote>Nay</vote></recorded-vote>
<recorded-vote><legislator name-id="R000575" sort-field="Rogers (AL)" unaccented-name="Rogers (AL)" party="R" state="AL" role="legislator">Rogers (AL)</legislator><vote>Yea</vote></recorded-vote>
<recorded-vote><legislator name-id="R000395" sort-field="Rogers (KY)" unaccented-name="Rogers (KY)" party="R" state="KY" role="legislator">Rogers (KY)</legislator><vote>Nay</vote></recorded-vote>
<recorded-vote><legislator name-id="R000572" sort-field="Rogers (MI)" unaccented-name="Rogers (MI)" party="R" state="MI" role="legislator">Rogers (MI)</legislator><vote>Nay</vote></recorded-vote>
<recorded-vote><legislator name-id="R000409" sort-field="Rohrabacher" unaccented-name="Rohrabacher" party="R" state="CA" role="legislator">Rohrabacher</legislator><vote>Not Voting</vote></recorded-vote>
<recorded-vote><legislator name-id="R000583" sort-field="Rooney" unaccented-name="Rooney" party="R" state="FL" role="legislator">Rooney</legislator><vote>Nay</vote></recorded-vote>
<recorded-vote><legislator name-id="R000435" sort-field="Ros-Lehtinen" unaccented-name="Ros-Lehtinen" party="R" state="FL" role="legislator">Ros-Lehtinen</legislator><vote>Yea</vote></recorded-vote>
<recorded-vote><legislator name-id="R000580" sort-field="Roskam" unaccented-name="Roskam" party="R" state="IL" role="legislator">Roskam</legislator><vote>Nay</vote></recorded-vote>
<recorded-vote><legislator name-id="R000573" sort-field="Ross" unaccented-name="Ross" party="D" state="AR" role="legislator">Ross</legislator><vote>Yea</vote></recorded-vote>
<recorded-vote><legislator name-id="R000462" sort-field="Rothman (NJ)" unaccented-name="Rothman (NJ)" party="D" state="NJ" role="legislator">Rothman (NJ)</legislator><vote>Yea</vote></recorded-vote>
<recorded-vote><legislator name-id="R000486" sort-field="Roybal-Allard" unaccented-name="Roybal-Allard" party="D" state="CA" role="legislator">Roybal-Allard</legislator><vote>Yea</vote></recorded-vote>
<recorded-vote><legislator name-id="R000487" sort-field="Royce" unaccented-name="Royce" party="R" state="CA" role="legislator">Royce</legislator><vote>Nay</vote></recorded-vote>
<recorded-vote><legislator name-id="R000576" sort-field="Ruppersberger" unaccented-name="Ruppersberger" party="D" state="MD" role="legislator">Ruppersberger</legislator><vote>Yea</vote></recorded-vote>
<recorded-vote><legislator name-id="R000515" sort-field="Rush" unaccented-name="Rush" party="D" state="IL" role="legislator">Rush</legislator><vote>Not Voting</vote></recorded-vote>
<recorded-vote><legislator name-id="R000577" sort-field="Ryan (OH)" unaccented-name="Ryan (OH)" party="D" state="OH" role="legislator">Ryan (OH)</legislator><vote>Yea</vote></recorded-vote>
<recorded-vote><legislator name-id="R000570" sort-field="Ryan (WI)" unaccented-name="Ryan (WI)" party="R" state="WI" role="legislator">Ryan (WI)</legislator><vote>Nay</vote></recorded-vote>
<recorded-vote><legislator name-id="S001158" sort-field="Salazar" unaccented-name="Salazar" party="D" state="CO" role="legislator">Salazar</legislator><vote>Yea</vote></recorded-vote>
<recorded-vote><legislator name-id="S001156" sort-field="Sanchez, Linda T." unaccented-name="Sanchez, Linda T." party="D" state="CA" role="legislator">Sánchez, Linda T.</legislator><vote>Not Voting</vote></recorded-vote>
<recorded-vote><legislator name-id="S000030" sort-field="Sanchez, Loretta" unaccented-name="Sanchez, Loretta" party="D" state="CA" role="legislator">Sanchez, Loretta</legislator><vote>Yea</vote></recorded-vote>
<recorded-vote><legislator name-id="S001168" sort-field="Sarbanes" unaccented-name="Sarbanes" party="D" state="MD" role="legislator">Sarbanes</legislator><vote>Yea</vote></recorded-vote>
<recorded-vote><legislator name-id="S001176" sort-field="Scalise" unaccented-name="Scalise" party="R" state="LA" role="legislator">Scalise</legislator><vote>Nay</vote></recorded-vote>
<recorded-vote><legislator name-id="S001145" sort-field="Schakowsky" unaccented-name="Schakowsky" party="D" state="IL" role="legislator">Schakowsky</legislator><vote>Yea</vote></recorded-vote>
<recorded-vote><legislator name-id="S001178" sort-field="Schauer" unaccented-name="Schauer" party="D" state="MI" role="legislator">Schauer</legislator><vote>Yea</vote></recorded-vote>
<recorded-vote><legislator name-id="S001150" sort-field="Schiff" unaccented-name="Schiff" party="D" state="CA" role="legislator">Schiff</legislator><vote>Yea</vote></recorded-vote>
<recorded-vote><legislator name-id="S001164" sort-field="Schmidt" unaccented-name="Schmidt" party="R" state="OH" role="legislator">Schmidt</legislator><vote>Not Voting</vote></recorded-vote>
<recorded-vote><legislator name-id="S001179" sort-field="Schock" unaccented-name="Schock" party="R" state="IL" role="legislator">Schock</legislator><vote>Nay</vote></recorded-vote>
<recorded-vote><legislator name-id="S001180" sort-field="Schrader" unaccented-name="Schrader" party="D" state="OR" role="legislator">Schrader</legislator><vote>Yea</vote></recorded-vote>
<recorded-vote><legislator name-id="S001162" sort-field="Schwartz" unaccented-name="Schwartz" party="D" state="PA" role="legislator">Schwartz</legislator><vote>Yea</vote></recorded-vote>
<recorded-vote><legislator name-id="S001157" sort-field="Scott (GA)" unaccented-name="Scott (GA)" party="D" state="GA" role="legislator">Scott (GA)</legislator><vote>Yea</vote></recorded-vote>
<recorded-vote><legislator name-id="S000185" sort-field="Scott (VA)" unaccented-name="Scott (VA)" party="D" state="VA" role="legislator">Scott (VA)</legislator><vote>Yea</vote></recorded-vote>
<recorded-vote><legislator name-id="S000244" sort-field="Sensenbrenner" unaccented-name="Sensenbrenner" party="R" state="WI" role="legislator">Sensenbrenner</legislator><vote>Nay</vote></recorded-vote>
<recorded-vote><legislator name-id="S000248" sort-field="Serrano" unaccented-name="Serrano" party="D" state="NY" role="legislator">Serrano</legislator><vote>Yea</vote></recorded-vote>
<recorded-vote><legislator name-id="S000250" sort-field="Sessions" unaccented-name="Sessions" party="R" state="TX" role="legislator">Sessions</legislator><vote>Yea</vote></recorded-vote>
<recorded-vote><legislator name-id="S001169" sort-field="Sestak" unaccented-name="Sestak" party="D" state="PA" role="legislator">Sestak</legislator><vote>Yea</vote></recorded-vote>
<recorded-vote><legislator name-id="S000275" sort-field="Shadegg" unaccented-name="Shadegg" party="R" state="AZ" role="legislator">Shadegg</legislator><vote>Nay</vote></recorded-vote>
<recorded-vote><legislator name-id="S001170" sort-field="Shea-Porter" unaccented-name="Shea-Porter" party="D" state="NH" role="legislator">Shea-Porter</legislator><vote>Yea</vote></recorded-vote>
<recorded-vote><legislator name-id="S000344" sort-field="Sherman" unaccented-name="Sherman" party="D" state="CA" role="legislator">Sherman</legislator><vote>Yea</vote></recorded-vote>
<recorded-vote><legislator name-id="S000364" sort-field="Shimkus" unaccented-name="Shimkus" party="R" state="IL" role="legislator">Shimkus</legislator><vote>Not Voting</vote></recorded-vote>
<recorded-vote><legislator name-id="S001171" sort-field="Shuler" unaccented-name="Shuler" party="D" state="NC" role="legislator">Shuler</legislator><vote>Not Voting</vote></recorded-vote>
<recorded-vote><legislator name-id="S001154" sort-field="Shuster" unaccented-name="Shuster" party="R" state="PA" role="legislator">Shuster</legislator><vote>Nay</vote></recorded-vote>
<recorded-vote><legislator name-id="S001148" sort-field="Simpson" unaccented-name="Simpson" party="R" state="ID" role="legislator">Simpson</legislator><vote>Yea</vote></recorded-vote>
<recorded-vote><legislator name-id="S001165" sort-field="Sires" unaccented-name="Sires" party="D" state="NJ" role="legislator">Sires</legislator><vote>Yea</vote></recorded-vote>
<recorded-vote><legislator name-id="S000465" sort-field="Skelton" unaccented-name="Skelton" party="D" state="MO" role="legislator">Skelton</legislator><vote>Yea</vote></recorded-vote>
<recorded-vote><legislator name-id="S000480" sort-field="Slaughter" unaccented-name="Slaughter" party="D" state="NY" role="legislator">Slaughter</legislator><vote>Yea</vote></recorded-vote>
<recorded-vote><legislator name-id="S001172" sort-field="Smith (NE)" unaccented-name="Smith (NE)" party="R" state="NE" role="legislator">Smith (NE)</legislator><vote>Nay</vote></recorded-vote>
<recorded-vote><legislator name-id="S000522" sort-field="Smith (NJ)" unaccented-name="Smith (NJ)" party="R" state="NJ" role="legislator">Smith (NJ)</legislator><vote>Yea</vote></recorded-vote>
<recorded-vote><legislator name-id="S000583" sort-field="Smith (TX)" unaccented-name="Smith (TX)" party="R" state="TX" role="legislator">Smith (TX)</legislator><vote>Yea</vote></recorded-vote>
<recorded-vote><legislator name-id="S000510" sort-field="Smith (WA)" unaccented-name="Smith (WA)" party="D" state="WA" role="legislator">Smith (WA)</legislator><vote>Yea</vote></recorded-vote>
<recorded-vote><legislator name-id="S000672" sort-field="Snyder" unaccented-name="Snyder" party="D" state="AR" role="legislator">Snyder</legislator><vote>Yea</vote></recorded-vote>
<recorded-vote><legislator name-id="S001173" sort-field="Space" unaccented-name="Space" party="D" state="OH" role="legislator">Space</legislator><vote>Yea</vote></recorded-vote>
<recorded-vote><legislator name-id="S001175" sort-field="Speier" unaccented-name="Speier" party="D" state="CA" role="legislator">Speier</legislator><vote>Yea</vote></recorded-vote>
<recorded-vote><legislator name-id="S000749" sort-field="Spratt" unaccented-name="Spratt" party="D" state="SC" role="legislator">Spratt</legislator><vote>Yea</vote></recorded-vote>
<recorded-vote><legislator name-id="S000810" sort-field="Stark" unaccented-name="Stark" party="D" state="CA" role="legislator">Stark</legislator><vote>Yea</vote></recorded-vote>
<recorded-vote><legislator name-id="S000822" sort-field="Stearns" unaccented-name="Stearns" party="R" state="FL" role="legislator">Stearns</legislator><vote>Nay</vote></recorded-vote>
<recorded-vote><legislator name-id="S001045" sort-field="Stupak" unaccented-name="Stupak" party="D" state="MI" role="legislator">Stupak</legislator><vote>Yea</vote></recorded-vote>
<recorded-vote><legislator name-id="S001155" sort-field="Sullivan" unaccented-name="Sullivan" party="R" state="OK" role="legislator">Sullivan</legislator><vote>Nay</vote></recorded-vote>
<recorded-vote><legislator name-id="S001174" sort-field="Sutton" unaccented-name="Sutton" party="D" state="OH" role="legislator">Sutton</legislator><vote>Yea</vote></recorded-vote>
<recorded-vote><legislator name-id="T000038" sort-field="Tanner" unaccented-name="Tanner" party="D" state="TN" role="legislator">Tanner</legislator><vote>Yea</vote></recorded-vote>
<recorded-vote><legislator name-id="T000074" sort-field="Taylor" unaccented-name="Taylor" party="D" state="MS" role="legislator">Taylor</legislator><vote>Not Voting</vote></recorded-vote>
<recorded-vote><legislator name-id="T000466" sort-field="Teague" unaccented-name="Teague" party="D" state="NM" role="legislator">Teague</legislator><vote>Yea</vote></recorded-vote>
<recorded-vote><legislator name-id="T000459" sort-field="Terry" unaccented-name="Terry" party="R" state="NE" role="legislator">Terry</legislator><vote>Yea</vote></recorded-vote>
<recorded-vote><legislator name-id="T000460" sort-field="Thompson (CA)" unaccented-name="Thompson (CA)" party="D" state="CA" role="legislator">Thompson (CA)</legislator><vote>Yea</vote></recorded-vote>
<recorded-vote><legislator name-id="T000193" sort-field="Thompson (MS)" unaccented-name="Thompson (MS)" party="D" state="MS" role="legislator">Thompson (MS)</legislator><vote>Yea</vote></recorded-vote>
<recorded-vote><legislator name-id="T000467" sort-field="Thompson (PA)" unaccented-name="Thompson (PA)" party="R" state="PA" role="legislator">Thompson (PA)</legislator><vote>Nay</vote></recorded-vote>
<recorded-vote><legislator name-id="T000238" sort-field="Thornberry" unaccented-name="Thornberry" party="R" state="TX" role="legislator">Thornberry</legislator><vote>Nay</vote></recorded-vote>
<recorded-vote><legislator name-id="T000260" sort-field="Tiahrt" unaccented-name="Tiahrt" party="R" state="KS" role="legislator">Tiahrt</legislator><vote>Not Voting</vote></recorded-vote>
<recorded-vote><legislator name-id="T000462" sort-field="Tiberi" unaccented-name="Tiberi" party="R" state="OH" role="legislator">Tiberi</legislator><vote>Nay</vote></recorded-vote>
<recorded-vote><legislator name-id="T000266" sort-field="Tierney" unaccented-name="Tierney" party="D" state="MA" role="legislator">Tierney</legislator><vote>Yea</vote></recorded-vote>
<recorded-vote><legislator name-id="T000468" sort-field="Titus" unaccented-name="Titus" party="D" state="NV" role="legislator">Titus</legislator><vote>Yea</vote></recorded-vote>
<recorded-vote><legislator name-id="T000469" sort-field="Tonko" unaccented-name="Tonko" party="D" state="NY" role="legislator">Tonko</legislator><vote>Yea</vote></recorded-vote>
<recorded-vote><legislator name-id="T000326" sort-field="Towns" unaccented-name="Towns" party="D" state="NY" role="legislator">Towns</legislator><vote>Yea</vote></recorded-vote>
<recorded-vote><legislator name-id="T000465" sort-field="Tsongas" unaccented-name="Tsongas" party="D" state="MA" role="legislator">Tsongas</legislator><vote>Yea</vote></recorded-vote>
<recorded-vote><legislator name-id="T000463" sort-field="Turner" unaccented-name="Turner" party="R" state="OH" role="legislator">Turner</legislator><vote>Nay</vote></recorded-vote>
<recorded-vote><legislator name-id="U000031" sort-field="Upton" unaccented-name="Upton" party="R" state="MI" role="legislator">Upton</legislator><vote>Nay</vote></recorded-vote>
<recorded-vote><legislator name-id="V000128" sort-field="Van Hollen" unaccented-name="Van Hollen" party="D" state="MD" role="legislator">Van Hollen</legislator><vote>Yea</vote></recorded-vote>
<recorded-vote><legislator name-id="V000081" sort-field="Velazquez" unaccented-name="Velazquez" party="D" state="NY" role="legislator">Velázquez</legislator><vote>Yea</vote></recorded-vote>
<recorded-vote><legislator name-id="V000108" sort-field="Visclosky" unaccented-name="Visclosky" party="D" state="IN" role="legislator">Visclosky</legislator><vote>Yea</vote></recorded-vote>
<recorded-vote><legislator name-id="W000791" sort-field="Walden" unaccented-name="Walden" party="R" state="OR" role="legislator">Walden</legislator><vote>Nay</vote></recorded-vote>
<recorded-vote><legislator name-id="W000799" sort-field="Walz" unaccented-name="Walz" party="D" state="MN" role="legislator">Walz</legislator><vote>Yea</vote></recorded-vote>
<recorded-vote><legislator name-id="W000119" sort-field="Wamp" unaccented-name="Wamp" party="R" state="TN" role="legislator">Wamp</legislator><vote>Not Voting</vote></recorded-vote>
<recorded-vote><legislator name-id="W000797" sort-field="Wasserman Schultz" unaccented-name="Wasserman Schultz" party="D" state="FL" role="legislator">Wasserman Schultz</legislator><vote>Yea</vote></recorded-vote>
<recorded-vote><legislator name-id="W000187" sort-field="Waters" unaccented-name="Waters" party="D" state="CA" role="legislator">Waters</legislator><vote>Yea</vote></recorded-vote>
<recorded-vote><legislator name-id="W000794" sort-field="Watson" unaccented-name="Watson" party="D" state="CA" role="legislator">Watson</legislator><vote>Yea</vote></recorded-vote>
<recorded-vote><legislator name-id="W000207" sort-field="Watt" unaccented-name="Watt" party="D" state="NC" role="legislator">Watt</legislator><vote>Yea</vote></recorded-vote>
<recorded-vote><legislator name-id="W000215" sort-field="Waxman" unaccented-name="Waxman" party="D" state="CA" role="legislator">Waxman</legislator><vote>Yea</vote></recorded-vote>
<recorded-vote><legislator name-id="W000792" sort-field="Weiner" unaccented-name="Weiner" party="D" state="NY" role="legislator">Weiner</legislator><vote>Yea</vote></recorded-vote>
<recorded-vote><legislator name-id="W000800" sort-field="Welch" unaccented-name="Welch" party="D" state="VT" role="legislator">Welch</legislator><vote>Yea</vote></recorded-vote>
<recorded-vote><legislator name-id="W000796" sort-field="Westmoreland" unaccented-name="Westmoreland" party="R" state="GA" role="legislator">Westmoreland</legislator><vote>Nay</vote></recorded-vote>
<recorded-vote><legislator name-id="W000413" sort-field="Whitfield" unaccented-name="Whitfield" party="R" state="KY" role="legislator">Whitfield</legislator><vote>Yea</vote></recorded-vote>
<recorded-vote><legislator name-id="W000801" sort-field="Wilson (OH)" unaccented-name="Wilson (OH)" party="D" state="OH" role="legislator">Wilson (OH)</legislator><vote>Yea</vote></recorded-vote>
<recorded-vote><legislator name-id="W000795" sort-field="Wilson (SC)" unaccented-name="Wilson (SC)" party="R" state="SC" role="legislator">Wilson (SC)</legislator><vote>Nay</vote></recorded-vote>
<recorded-vote><legislator name-id="W000804" sort-field="Wittman" unaccented-name="Wittman" party="R" state="VA" role="legislator">Wittman</legislator><vote>Yea</vote></recorded-vote>
<recorded-vote><legislator name-id="W000672" sort-field="Wolf" unaccented-name="Wolf" party="R" state="VA" role="legislator">Wolf</legislator><vote>Nay</vote></recorded-vote>
<recorded-vote><legislator name-id="W000738" sort-field="Woolsey" unaccented-name="Woolsey" party="D" state="CA" role="legislator">Woolsey</legislator><vote>Yea</vote></recorded-vote>
<recorded-vote><legislator name-id="W000793" sort-field="Wu" unaccented-name="Wu" party="D" state="OR" role="legislator">Wu</legislator><vote>Yea</vote></recorded-vote>
<recorded-vote><legislator name-id="Y000062" sort-field="Yarmuth" unaccented-name="Yarmuth" party="D" state="KY" role="legislator">Yarmuth</legislator><vote>Yea</vote></recorded-vote>
<recorded-vote><legislator name-id="Y000033" sort-field="Young (AK)" unaccented-name="Young (AK)" party="R" state="AK" role="legislator">Young (AK)</legislator><vote>Nay</vote></recorded-vote>
<recorded-vote><legislator name-id="Y000031" sort-field="Young (FL)" unaccented-name="Young (FL)" party="R" state="FL" role="legislator">Young (FL)</legislator><vote>Not Voting</vote></recorded-vote>
</vote-data>
</rollcall-vote>
